[dotenv@17.3.1] injecting env (20) from .env -- tip: ≡ƒöÉ encrypt with Dotenvx: https://dotenvx.com
[dotenv@17.3.1] injecting env (0) from .env -- tip: ≡ƒöÉ prevent committing .env to code: https://dotenvx.com/precommit
≡ƒÜÇ Server running on port 5000
≡ƒôà Checking if generation needed on startup...
≡ƒôà ==================================
≡ƒôà Auto-generate check at: 5/9/2026, 5:13:53 pm
≡ƒÜÇ Generating tasks...
Γ£à Generated 0 tasks
Γ£à Marked 9-2026 as generated
≡ƒôà ==================================
empRes.data.values: [
  [
    '6dgQYj',
    'Abhishek Rajput',
    '9555896724',
    '$2b$10$9cYKmsMaFLap9lC4D9PPvuQaRTwW50bC8wwoORxE0UBwTRtzmRS8e',
    'Boiler',
    '2025-12-22T04:04:28.469Z',
    '',
    '',
    '',
    '',
    '',
    '',
    '',
    '',
    '',
    '',
    '',
    '9:00',
    '19:00',
    '9',
    '60'
  ],
  [
    'ajay',
    'Ajay Yadav',
    '6354608636',
    '$2b$10$hrahPlEIjbQOcumX74WDxONksEqsMzyfW83NHxsOlRp3KgvkAXPSm',
    'Security',
    '2026-01-26T09:15:50.966Z',
    '',
    '',
    '',
    '',
    '',
    '',
    '',
    '',
    '',
    '',
    '',
    '9:00',
    '19:00',
    '9',
    '60'
  ],
  [
    'aman',
    'Aman Thakur',
    '6202929430',
    '$2b$10$zDo8Widap9ohECvP74raS.l6/KSiQrRWtLLPoKma0pBO4R0OWCOHi',
    'RM',
    '2025-12-22T10:47:02.595Z',
    '',
    '',
    '',
    '',
    '',
    '',
    '',
    '',
    '',
    '',
    '',
    '9:00',
    '19:00',
    '9',
    '60'
  ],
  [
    'amit',
    'Amit Dubey',
    '9608198167',
    '$2b$10$0OlO.Fv446g7pp/guwdwc.kt/WbTwbKeFtq/D8MHWfc6VT.uJxWJe',
    'Dispatch',
    '2026-04-27T10:54:45.721Z',
    '',
    '',
    '',
    '',
    '',
    '',
    '',
    '',
    '',
    '',
    '',
    '8:00',
    '20:00',
    '12',
    '60'
  ],
  [
    'ankit',
    "Ankit 's Driver",
    '7574934775',
    '$2b$10$T1nz8..F3hoQJ8UHJzez8engOVc3k6wJwWywPL2Qdpjm30yDHo0im',
    'Driver',
    '2025-12-22T04:18:32.668Z',
    '',
    '',
    '',
    '',
    '',
    '',
    '',
    '',
    '',
    '',
    '',
    '9:00',
    '19:00',
    '9',
    '60'
  ],
  [
    'K5-PcF',
    'Ankit Gupta',
    '7090117177',
    '$2b$10$kUqFK13EXxSIO9jT9hy9CuHddO2WQfjyf1nK8IywKMQR3WdNqHHK2',
    'RM',
    '2025-12-22T04:16:53.662Z',
    '',
    '',
    '',
    '',
    '',
    '',
    '',
    '',
    '',
    '',
    '',
    '8:00',
    '20:00',
    '12',
    '60'
  ],
  [
    'arun',
    'Arun Dubey',
    '9638283366',
    '$2b$10$ikF0c/qA2H4KvftwiEaa3.ISSv8MlsSZtdKNtroFMZQtqN0dm/Wum',
    'Dispatch',
    '2025-12-22T04:19:34.970Z',
    '',
    '',
    '',
    '',
    '',
    '',
    '',
    '',
    '',
    '',
    '',
    '8:00',
    '20:00',
    '12',
    '60'
  ],
  [
    'arvind',
    'Arvind Kumar',
    '9638160843',
    '$2b$10$et56r2nOPeABnylqVSvF8.vOUp1QO88mBESbUTu4hXqTrA41yLSti',
    'Maintenance ',
    '2026-01-05T14:27:14.861Z',
    '',
    '',
    '',
    '',
    '',
    '',
    '',
    '',
    '',
    '',
    '',
    '9:00',
    '19:00',
    '9',
    '60'
  ],
  [
    'babudhancivil',
    'Babudhan Civil - Work',
    '9241548041',
    '$2b$10$z.eNTwjwsUh7I5w71hxshulv5o1yZFrjIuTow3xUqr1RkC4arsaBq',
    'Civil - Work',
    '2026-07-28T05:44:53.659Z',
    '',
    '',
    '',
    '',
    '',
    'Y3U9a_',
    '',
    'Permanent',
    '',
    'Active',
    'Day',
    '9:00',
    '18:00',
    '9',
    '60',
    'Sunday',
    'No',
    '',
    '',
    'No',
    '',
    'No',
    '',
    '26',
    'No',
    'No',
    'No',
    '',
    '',
    '15',
    '30',
    '4',
    '8',
    '2',
    '',
    '12',
    '12',
    '12',
    '0',
    'No',
    '30',
    '',
    '',
    '',
    '',
    '',
    '',
    '',
    '',
    '',
    '',
    '',
    '',
    '',
    '',
    '',
    '',
    '',
    '',
    '',
    '',
    '',
    '',
    '',
    '',
    '',
    '',
    '',
    '2026-07-28T05:44:53.659Z'
  ],
  [
    '1CO1Nt',
    'Babudhan Paswan',
    '9241548041',
    '$2b$10$zm1eeUc5PtDUkYFufYazj.Dscmkk5USs0yrstbjsAk3n2SerVIFRi',
    'RM',
    '2025-12-22T04:22:46.773Z',
    '',
    '',
    '',
    '',
    '',
    '',
    '',
    '',
    '',
    '',
    '',
    '9:00',
    '19:00',
    '9',
    '60'
  ],
  [
    'Y3U9a_',
    'Bhakti Ram',
    '9725698230',
    '$2b$10$70Ki/KZT2hTypZznPAt4OeDHIxSu/qHVsieoxzgdZJxXdleLu5Z3C',
    'MDO',
    '2025-12-22T04:25:01.669Z',
    '',
    '',
    '',
    '',
    '',
    '',
    '',
    '',
    '',
    '',
    '',
    '9:00',
    '19:00',
    '9',
    '60'
  ],
  [
    'bhavik',
    'Bhavik Tailor',
    '9909551210',
    '$2b$10$flWIe7sO67dztPiSF1muR.GLvOaJO8ksaBM.LgUOms9bXjeSDadPC',
    'Accounts',
    '2025-12-22T04:26:46.474Z',
    '',
    '',
    '',
    '',
    '',
    '',
    '',
    '',
    '',
    '',
    '',
    '9:00',
    '19:00',
    '9',
    '60'
  ],
  [
    'binit',
    'Binit Maurya',
    '9911174926',
    '$2b$10$h3cj38.OYuSRsfsoaL1Cqe6EVEba6i4Sl8M903vp2eCRL6lrv36/i',
    'boiler',
    '2026-01-20T12:49:42.883Z',
    '',
    '',
    '',
    '',
    '',
    '',
    '',
    '',
    '',
    '',
    '',
    '9:00',
    '19:00',
    '9',
    '60'
  ],
  [
    'binita',
    'Binita Chauhan',
    '9316026122',
    '$2b$10$hMQwWEDmpyGYmHSRvDUaR.az4rDFoOgIrINf8VPN8Qdx9wy5E6Al2',
    'CRM',
    '2025-12-22T04:27:57.761Z',
    '',
    '',
    '',
    '',
    '',
    '',
    '',
    '',
    '',
    '',
    '',
    '9:30',
    '18:30',
    '8',
    '60'
  ],
  [
    'bobby',
    'Bobby Deval',
    '6353942601',
    '$2b$10$ByrOsAx/eMf0yG7zj0Oi9OCe3/usc1uEmpsTBd8h0GFKuxnzyFcC.',
    'Dispatch',
    '2025-12-22T04:31:03.466Z',
    '',
    '',
    '',
    '',
    '',
    '',
    '',
    '',
    '',
    '',
    '',
    '8:00',
    '20:00',
    '12',
    '60'
  ],
  [
    'chandani',
    'Chandani Rai',
    '9327436834',
    '$2b$10$MhL2Bm9f0wLd8JXm6zUUNOpbfGTivJ0m4OI676lLk5u5e1UWNPH8K',
    'SC',
    '2025-12-22T04:32:43.466Z',
    '',
    '',
    '',
    '',
    '',
    '',
    '',
    '',
    '',
    '',
    '',
    '9:30',
    '18:30',
    '8',
    '60'
  ],
  [
    'chintan',
    'Chintan Patel',
    '9638445090',
    '$2b$10$MXMXhXqTevRgLoiHJb7ueevb4J6ygsSIYhQFbvYgB6zdCUOmgAoy6',
    'Accounts',
    '2025-12-22T04:34:13.961Z',
    '',
    '',
    '',
    '',
    '',
    '',
    '',
    '',
    '',
    '',
    '',
    '9:00',
    '19:00',
    '9',
    '60'
  ],
  [
    'zKeT0-',
    'Chirag Unagar',
    '7572896435',
    '$2b$10$x5l5jOQ.hj13IELaMRIAKOluGqG0jYXRxOBcSJEenq61a3rcDHy7W',
    'Accounts',
    '2025-12-22T04:35:42.065Z',
    '',
    '',
    '',
    '',
    '',
    'Chirag Unagar',
    '',
    '',
    '',
    '',
    '',
    '9:00',
    '19:00',
    '9',
    '60'
  ],
  [
    'deepak',
    'Deepak Singh',
    '8084337326',
    '$2b$10$lCvM/.2eiNbNZRtPofX87.SBoXR3pdRcj4aEMJWmcrnSA80sX/jES',
    'RM',
    '2025-12-22T04:39:20.571Z',
    '',
    '',
    '',
    '',
    '',
    '',
    '',
    '',
    '',
    '',
    '',
    '9:00',
    '19:00',
    '9',
    '60'
  ],
  [
    'devyani',
    'Devyani Bhatt',
    '9687303092',
    '$2b$10$RqWq68jYVAQwLB2cdizmlO38ojbAGi9kT7V2Voft.cJ6JcWyOOdY2',
    'PC',
    '2025-12-19T04:41:50.341Z',
    '',
    '',
    '',
    '',
    '',
    '',
    '',
    '',
    '',
    '',
    '',
    '9:30',
    '18:30',
    '8',
    '60'
  ],
  [
    'govind',
    'Govind Vora',
    '7055375805',
    '$2b$10$TNbJzlZmhw1gkkDKVkhwR.YfEULh1J95wmRRiLRSGZeuKY7JD0wj2',
    'MIS',
    '2026-01-02T13:32:40.063Z',
    'Eminent Paper Industries llp',
    '08/07/1996',
    '02/09/2023',
    '',
    'MIS',
    'Govind Vora',
    '',
    '',
    '',
    '',
    '',
    '9:00',
    '19:00',
    '9',
    '60'
  ],
  [
    'hemant',
    'Hemant Tiwari',
    '9428292784',
    '$2b$10$PrmuGJxLQGDmpXn7QIUiTeyUA4IjROkY5HmHRgWsAAgeWOlxU0tOW',
    'Dispatch',
    '2025-12-22T04:41:04.670Z',
    '',
    '',
    '',
    '',
    '',
    '',
    '',
    '',
    '',
    '',
    '',
    '8:00',
    '20:00',
    '12',
    '60'
  ],
  [
    'sUA1C5',
    'Hiren Vekariya',
    '9601353472',
    '$2b$10$eHfXS2tge/nzLdjVE9lMd.zhOSyjK.Y.pyFGLAqvvAPR9MMYSREna',
    'Dispatch',
    '2025-12-22T04:42:54.174Z',
    '',
    '',
    '',
    '',
    '',
    '',
    '',
    '',
    '',
    '',
    '',
    '8:00',
    '20:00',
    '12',
    '60'
  ],
  [
    'V3oqaL',
    'Hitesh Rajput',
    '9662007369',
    '$2b$10$8t57M5UcjpQASJuqnWS5COnTDR1i0ndBAU/CgTzp0wzpdBwd5rlm2',
    'Accounts',
    '2025-12-22T04:44:39.277Z',
    '',
    '',
    '',
    '',
    '',
    '',
    '',
    '',
    '',
    '',
    '',
    '9:00',
    '19:00',
    '9',
    '60',
    '',
    '',
    '',
    '',
    '',
    '',
    '',
    '',
    '',
    '',
    '',
    '',
    '',
    '6'
  ],
  [
    'jayesh',
    'Jayesh Nagar',
    '9924990735',
    '$2b$10$hOEoO8jC/buSwutF39xbiO5hMAXrd5e3WebMqee8yI76H65AmNqey',
    'Maintenance ',
    '2025-12-22T04:51:28.861Z',
    '',
    '',
    '',
    '',
    '',
    '',
    '',
    '',
    '',
    '',
    '',
    '9:00',
    '19:00',
    '9',
    '60'
  ],
  [
    'kamini',
    'Kamini Patil',
    '9574841981',
    '$2b$10$hQEujWG2HGw8yUw4UWYuAOmbeAGiuXRBdynA4TLHO0gBlZTnVh.ni',
    'SALES MDO',
    '2026-08-10T09:14:14.277Z',
    '',
    '',
    '',
    '',
    '',
    '',
    'Female',
    'Permanent',
    '',
    'Active',
    'Day',
    '9:00',
    '18:00',
    '9',
    '60',
    'Sunday',
    'No',
    '',
    '',
    'No',
    '',
    'No',
    '',
    '26',
    'No',
    'No',
    'No',
    '',
    '',
    '15',
    '30',
    '4',
    '8',
    '2',
    '',
    '12',
    '12',
    '12',
    '0',
    'No',
    '30',
    '',
    '',
    '',
    '',
    '',
    '',
    '',
    '',
    '',
    '',
    '',
    '',
    '',
    '',
    '',
    '',
    '',
    '',
    '',
    '',
    '',
    '',
    '',
    '',
    '',
    '',
    '',
    '2026-08-10T09:14:14.277Z'
  ],
  [
    'khushi',
    'Khushi Gosai',
    '7859878612',
    '$2b$10$cyJKdeDBR/oN28PjrBHb7OXmf3sao/hAoT94d3WpxvUod6BTAEUZO',
    'Recruitment',
    '2026-01-29T10:24:02.918Z',
    '',
    '',
    '',
    '',
    '',
    '',
    '',
    '',
    '',
    '',
    '',
    '9:30',
    '18:30',
    '9',
    '60'
  ],
  [
    'kiran',
    'Kiran Kumar (Store)',
    '8052241041',
    '$2b$10$7YHF7XCqHse8v0UMV9IR3usXn75hoCsQwOTb70J33ArNvoVpURqZm',
    'Maintenance',
    '2026-04-28T05:25:55.029Z',
    '',
    '',
    '',
    '',
    '',
    '',
    '',
    '',
    '',
    '',
    '',
    '9:00',
    '19:00',
    '9',
    '60'
  ],
  [
    'kunal',
    'Kunal Chauhan',
    '9913388868',
    '$2b$10$lg3A9nBAPs4DXZUrlHsIb.Kcrcwtmxj21wmr0Nge3uFYTPuXTD9fq',
    'Utility',
    '2026-07-06T08:58:02.054Z',
    '',
    '',
    '',
    '',
    '',
    '',
    'Male',
    'Permanent',
    '',
    'Active',
    'Day',
    '9:00',
    '18:00',
    '9',
    '60',
    'Sunday',
    'No',
    '',
    '',
    'No',
    '',
    'No',
    '',
    '26',
    'No',
    'No',
    'No',
    '',
    '',
    '15',
    '30',
    '4',
    '8',
    '2',
    '',
    '12',
    '12',
    '12',
    '0',
    'No',
    '30',
    '',
    '',
    '',
    '',
    '',
    '',
    '',
    '',
    '',
    '',
    '',
    '',
    '',
    '',
    '',
    '',
    '',
    '',
    '',
    '',
    '',
    '',
    '',
    '',
    '',
    '',
    '',
    '2026-07-06T08:58:02.055Z'
  ],
  [
    'kundan',
    'Kundan Thakur',
    '7491005250',
    '$2b$10$s21VWKT4yp0SMaKYFbbc0u0P9ySKW0LOSFQmfdWGnpAbsTWvhFr5.',
    'Maintenance',
    '2025-12-22T11:20:40.937Z',
    '',
    '',
    '',
    '',
    '',
    '',
    '',
    '',
    '',
    '',
    '',
    '9:00',
    '19:00',
    '9',
    '60'
  ],
  [
    'maitri',
    'Maitri Patel',
    '9327422120',
    '$2b$10$sUjR9Pr7D40M26VDnn7pe.p15TUcydpS.IZcoawbWOheG/M3TvPzy',
    'HR',
    '2025-12-22T11:23:15.455Z',
    '',
    '',
    '',
    '',
    '',
    '',
    '',
    '',
    '',
    '',
    '',
    '9:30',
    '18:30',
    '8',
    '60'
  ],
  [
    'sami323',
    'Mohammad Sami ',
    '7372890117',
    '$2b$10$LztTh/86KzutI4BKBXjMheqTRCI4TzCPieq1cPAeLWp6Dai4AZnaa',
    'MIS',
    '2025-12-19T04:36:54.041Z',
    'Eminent Paper Industry',
    '12/12/2000',
    '08/01/2025',
    'https://res.cloudinary.com/dbchjxw68/image/upload/v1780239978/help_tickets/epqmc2v7pkr9frwa6buc.jpg',
    'Content Creator .',
    'Mohammad Sami ',
    '',
    '',
    '',
    '',
    '',
    '9:00',
    '19:00',
    '9',
    '60'
  ],
  [
    'zNkNDC',
    'Mohit Kumar',
    '9548708847',
    '$2b$10$D0WH3OMp5XRRJ9GD4wJEbuw0rnC8mT7tVK5dVrOFttsA5XLGT6PHC',
    'Electrical',
    '2025-12-22T04:57:04.864Z',
    '',
    '',
    '',
    '',
    '',
    '',
    '',
    '',
    '',
    '',
    '',
    '9:00',
    '19:00',
    '9',
    '60'
  ],
  [
    'muskan',
    'Muskan Khan',
    '9973920282',
    '$2b$10$U0qg.9ljUruyPZPcBhIAn.Flw72ZEJynpl9ITRoSC75p57GyCz0by',
    'SALES MDO',
    '2026-08-17T11:38:42.032Z',
    '',
    '',
    '',
    '',
    '',
    '',
    'Female',
    'Permanent',
    '',
    'Active',
    'Day',
    '9:00',
    '18:00',
    '9',
    '60',
    'Sunday',
    'No',
    '',
    '',
    'No',
    '',
    'No',
    '',
    '26',
    'No',
    'No',
    'No',
    '',
    '',
    '15',
    '30',
    '4',
    '8',
    '2',
    '',
    '12',
    '12',
    '12',
    '0',
    'No',
    '30',
    '',
    '',
    '',
    '',
    '',
    '',
    '',
    '',
    '',
    '',
    '',
    '',
    '',
    '',
    '',
    '',
    '',
    '',
    '',
    '',
    '',
    '',
    '',
    '',
    '',
    '',
    '',
    '2026-08-17T11:38:42.033Z'
  ],
  [
    'omprakash',
    'Omprakash',
    '8081054181',
    '$2b$10$fdUrMrrkFxERSDxBYfLfTOeuKziujX9VPkAV85KnN0IYMBwTawBHy',
    'Dispatch',
    '2025-12-22T05:03:07.569Z',
    '',
    '',
    '',
    '',
    '',
    '',
    '',
    '',
    '',
    '',
    '',
    '8:00',
    '20:00',
    '12',
    '60'
  ],
  [
    'paint',
    'Paint - Work',
    '9241548041',
    '$2b$10$Q8a9DVFJTY5npPyAEYRI8O2zbOo8PZiZAXPNaHg/0PiQWudZuzTEm',
    'Paint - Work',
    '2026-07-28T05:47:03.070Z',
    '',
    '',
    '',
    '',
    '',
    'Y3U9a_',
    '',
    'Permanent',
    '',
    'Active',
    'Day',
    '9:00',
    '18:00',
    '9',
    '60',
    'Sunday',
    'No',
    '',
    '',
    'No',
    '',
    'No',
    '',
    '26',
    'No',
    'No',
    'No',
    '',
    '',
    '15',
    '30',
    '4',
    '8',
    '2',
    '',
    '12',
    '12',
    '12',
    '0',
    'No',
    '30',
    '',
    '',
    '',
    '',
    '',
    '',
    '',
    '',
    '',
    '',
    '',
    '',
    '',
    '',
    '',
    '',
    '',
    '',
    '',
    '',
    '',
    '',
    '',
    '',
    '',
    '',
    '',
    '2026-07-28T05:47:03.070Z'
  ],
  [
    'um8mkb',
    'Pankaj (RO1)',
    '9140445217',
    '$2b$10$.JyEx.5UiWa7f2KCQNUe5O2KVl2D/4DLLqF0a3KcdH7gVQxjvr3w2',
    'ro',
    '2025-12-22T11:29:18.021Z',
    '',
    '',
    '',
    '',
    '',
    '',
    '',
    '',
    '',
    '',
    '',
    '9:00',
    '19:00',
    '9',
    '60'
  ],
  [
    'patra',
    'Patra - Work',
    '9241548041',
    '$2b$10$F0qvlQueEVXqwWg4ShM97ezYIOO67ruH3pJwhDwduU0hXDrbiM8Rq',
    'Patra',
    '2026-07-31T11:22:27.659Z',
    '',
    '',
    '',
    '',
    '',
    'patra',
    '',
    'Permanent',
    '',
    'Active',
    'Day',
    '9:00',
    '18:00',
    '9',
    '60',
    'Sunday',
    'No',
    '',
    '',
    'No',
    '',
    'No',
    '',
    '26',
    'No',
    'No',
    'No',
    '',
    '',
    '15',
    '30',
    '4',
    '8',
    '2',
    '',
    '12',
    '12',
    '12',
    '0',
    'No',
    '30',
    '',
    '',
    '',
    '',
    '',
    '',
    '',
    '',
    '',
    '',
    '',
    '',
    '',
    '',
    '',
    '',
    '',
    '',
    '',
    '',
    '',
    '',
    '',
    '',
    '',
    '',
    '',
    '2026-07-31T11:22:27.659Z'
  ],
  [
    'pawan',
    'Pawan Pandey (Ro2)',
    '9793295713',
    '$2b$10$J7GbHDfz05pDDn.WYlvANuDcDXhu0Ec.VDkeA2hTUGQkJJRZ3Qz2G',
    'RO',
    '2026-08-22T06:12:41.226Z',
    '',
    '',
    '',
    '',
    '',
    'pawan',
    'Male',
    'Permanent',
    '',
    'Active',
    'Day',
    '9:00',
    '18:00',
    '9',
    '60',
    'Sunday',
    'No',
    '',
    '',
    'No',
    '',
    'No',
    '',
    '26',
    'No',
    'No',
    'No',
    '',
    '',
    '15',
    '30',
    '4',
    '8',
    '2',
    '',
    '12',
    '12',
    '12',
    '0',
    'No',
    '30',
    '',
    '',
    '',
    '',
    '',
    '',
    '',
    '',
    '',
    '',
    '',
    '',
    '',
    '',
    '',
    '',
    '',
    '',
    '',
    '',
    '',
    '',
    '',
    '',
    '',
    '',
    '',
    '2026-08-22T06:12:41.226Z'
  ],
  [
    '3ylRZ5',
    'Pratik Zalavadiya',
    '9638471480',
    '$2b$10$pJjvjBJ1tDA8m32juKwrcefGEk3UgL.wqOYFk1CBz11.AhV2RCNgW',
    'Purchase',
    '2025-12-22T05:16:54.071Z',
    '',
    '',
    '',
    '',
    '',
    '',
    '',
    '',
    '',
    '',
    '',
    '9:00',
    '19:00',
    '9',
    '60'
  ],
  [
    'reddy',
    'Project',
    '7990820778',
    '$2b$10$8utTN4ovfzrGWcAQ6BrJQ.jRhG2mW1ySBklvkLeijpYNTxJZWodtO',
    'Maintenance',
    '2026-03-07T08:29:32.064Z',
    '',
    '',
    '',
    '',
    '',
    '',
    '',
    '',
    '',
    '',
    '',
    '9:00',
    '19:00',
    '9',
    '60'
  ],
  [
    'projectpdf',
    'PROJECT -PDF',
    '9586883694',
    '$2b$10$a2zmSse8D1QLBCVK9b.0oOqnzcE27xffo.xRWePULjRr/4DQvfd3G',
    'PROJECT',
    '2026-05-12T04:10:02.800Z',
    '',
    '',
    '',
    '',
    '',
    '',
    '',
    '',
    '',
    '',
    '',
    '9:00',
    '19:00',
    '9',
    '60'
  ],
  [
    'pulpmill',
    'PROJECT- PULP MILL',
    '9586883694',
    '$2b$10$l6IAWT2mjV66k9YanIQjhuTSligu2nIrQ7KdBuEo9nU9iPfZGijlm',
    'PROJECT',
    '2026-05-12T04:43:58.892Z',
    '',
    '',
    '',
    '',
    '',
    '',
    '',
    '',
    '',
    '',
    '',
    '9:00',
    '19:00',
    '9',
    '60'
  ],
  [
    'acce',
    'PROJECT-ACCESSORIES',
    '9586883694',
    '$2b$10$zbkpenepGTHHwK94P/ZEKOQuiuAM2Tpisf82EU/OeyeIGzLSmhGli',
    'PROJECT',
    '2026-05-12T09:17:21.392Z',
    '',
    '',
    '',
    '',
    '',
    '',
    '',
    '',
    '',
    '',
    '',
    '9:00',
    '19:00',
    '9',
    '60'
  ],
  [
    'boiler',
    'PROJECT-BOILER',
    '9586883694',
    '$2b$10$krBzTTO54rp4th2Hmzy3cOE0d27ZC4iTXKFceju9MiYA/QOaTKXSS',
    'PROJECT',
    '2026-05-12T09:12:54.193Z',
    '',
    '',
    '',
    '',
    '',
    '',
    '',
    '',
    '',
    '',
    '',
    '9:00',
    '19:00',
    '9',
    '60'
  ],
  [
    'civil',
    'PROJECT-CIVIL',
    '9586883694',
    '$2b$10$n7IzZ8iPjtjK/ZTUuBpkuu/r3Q7rIfbqaBhsCxUsZS89mGmjcZDVC',
    'PROJECT',
    '2026-05-12T09:09:18.793Z',
    '',
    '',
    '',
    '',
    '',
    '',
    '',
    '',
    '',
    '',
    '',
    '9:00',
    '19:00',
    '9',
    '60'
  ],
  [
    'etp',
    'PROJECT-ETP',
    '9586883694',
    '$2b$10$A0kHW3TI5ZsLOEjQcCozP.Z7MxoBvMFtDxdd62.MP1n1yaI8xnpKi',
    'PROJECT',
    '2026-05-12T09:15:18.486Z',
    '',
    '',
    '',
    '',
    '',
    '',
    '',
    '',
    '',
    '',
    '',
    '9:00',
    '19:00',
    '9',
    '60'
  ],
  [
    'machine',
    'PROJECT-MACHINE ',
    '9586883694',
    '$2b$10$U19H6mRCfRg3WlP33uWBEOX1khFMZ3HpqLPW8HpHTDqfKXq4cJqEi',
    'PROJECT',
    '2026-05-12T09:04:42.691Z',
    '',
    '',
    '',
    '',
    '',
    '',
    '',
    '',
    '',
    '',
    '',
    '9:00',
    '19:00',
    '9',
    '60'
  ],
  [
    'GW67ih',
    'Rajdeep Rana',
    '7069338663',
    '$2b$10$KGbdLkZeYMEt9eUUkYWRcOe8iKiVqV67Chr2uJMg38G4GYq6NqPai',
    'Accounts',
    '2025-12-22T05:20:48.064Z',
    '',
    '',
    '',
    '',
    '',
    '',
    '',
    '',
    '',
    '',
    '',
    '9:00',
    '19:00',
    '9',
    '60'
  ],
  [
    'rakhi',
    'Rakhi Dohare',
    '9978710262',
    '$2b$10$yVLitNDxCk/QzvbHa1jTxuA16TaMPKaFCM7TU1AEsuAB8785CfcSi',
    'CRM',
    '2026-03-17T08:00:58.133Z',
    '',
    '',
    '',
    '',
    '',
    '',
    '',
    '',
    '',
    '',
    '',
    '9:30',
    '18:30',
    '9',
    '60'
  ],
  [
    'ravikant',
    'Ravikant Rajput',
    '9005739259',
    '$2b$10$8tmpWhNbCen0Eji3ffbNdevoyCFZBKifGV6Y2oEKI/XO41XE10/uy',
    'Instrument',
    '2025-12-22T05:23:21.464Z',
    '',
    '',
    '',
    '',
    '',
    '',
    '',
    '',
    '',
    '',
    '',
    '9:00',
    '19:00',
    '9',
    '60'
  ],
  [
    'lA1Xyq',
    'Ritesh Agarwal',
    '9825120883',
    '$2b$10$k2GuIDMT7rnyp2veVThXXuJiA6euUNgRHWt/rt25NxEo3RrqSfYR6',
    'MD',
    '2025-12-22T05:24:49.166Z',
    '',
    '',
    '',
    '',
    '',
    '',
    '',
    '',
    '',
    '',
    '',
    '9:00',
    '19:00',
    '9',
    '60'
  ],
  [
    'ritesh',
    'Ritesh Chauhan',
    '9714888290',
    '$2b$10$esIY.f0k2J7ga/XxRbXG0O7Jf23E/sjQ.IkMyP//qp9LEhgFCIA.q',
    'Utility eng',
    '2026-04-06T07:50:12.312Z',
    '',
    '',
    '',
    '',
    '',
    '',
    '',
    '',
    '',
    '',
    '',
    '9:00',
    '19:00',
    '9',
    '60'
  ],
  [
    'rupesh',
    'Rupesh Tiwari',
    '7859861526',
    '$2b$10$zx0akoILqbsJLQC2Z75f/ezJ8xF04eVr4GzPYIupJ7Ai/Dx82wYey',
    'MDO',
    '2026-02-20T05:03:52.202Z',
    '',
    '',
    '',
    '',
    '',
    '',
    '',
    '',
    '',
    '',
    '',
    '9:00',
    '19:00',
    '9',
    '60'
  ],
  [
    'sagarkamal',
    'Sagar Kamal',
    '8932040029',
    '$2b$10$Ma.SKbxfpZmw/Of4gyQ7l.J.TC9XXi9pWJcouhqG9rT4aj11TTz86',
    'store',
    '2026-05-05T05:48:33.430Z',
    'EMINENT PAPER INDUSTRIES LLP',
    '12/04/2002',
    '01/05/2026',
    '',
    'STORE KEEPER ',
    'Sagar Kamal',
    '',
    '',
    '',
    '',
    '',
    '9:00',
    '19:00',
    '9',
    '60'
  ],
  [
    'sagar',
    'Sagar Kumar',
    '7984122746',
    '$2b$10$U7wRXKHSRzemHqplACMKj.GzA0lvjSWdV1sPGatuomcnqx6UugkbO',
    'RM',
    '2025-12-22T05:27:38.864Z',
    '',
    '',
    '',
    '',
    '',
    '',
    '',
    '',
    '',
    '',
    '',
    '8:00',
    '20:00',
    '12',
    '60'
  ],
  [
    'hrQOjO',
    'Sandeep Chaudhary',
    '7359506916',
    '$2b$10$/8j7mo27eRv1hQYXQoCT5.913nQjJvFe6w0VHAF.zu9Q6wzZ8QH5W',
    'Import-Export',
    '2025-12-22T05:36:35.765Z',
    '',
    '',
    '',
    '',
    '',
    '',
    '',
    '',
    '',
    '',
    '',
    '9:00',
    '19:00',
    '9',
    '60'
  ],
  [
    'sanjay s',
    'Sanjay  Sahani',
    '7755034534',
    '$2b$10$J64OS.XFTidW9OliW91I3ehqmN03SQCX5AtP9TxheRmC.aNYlQZDW',
    'Project implementer',
    '2026-06-15T09:10:29.010Z',
    '',
    '',
    '',
    '',
    '',
    '',
    'Male',
    'Permanent',
    '',
    'Active',
    'Day',
    '9:00',
    '18:00',
    '9',
    '60',
    'Sunday',
    'No',
    '',
    '',
    'No',
    '',
    'No',
    '',
    '26',
    'No',
    'No',
    'No',
    '',
    '',
    '15',
    '30',
    '4',
    '8',
    '2',
    '',
    '12',
    '12',
    '12',
    '0',
    'No',
    '30',
    '',
    '',
    '',
    '',
    '',
    '',
    '',
    '',
    '',
    '',
    '',
    '',
    '',
    '',
    '',
    '',
    '',
    '',
    '',
    '',
    '',
    '',
    '',
    '',
    '',
    '',
    '',
    '2026-06-15T09:10:29.011Z'
  ],
  [
    'sanjay',
    'Sanjay Bhargav',
    '8306729316',
    '$2b$10$joTon8iJ.CZNbLLaoUlqZeP.3AVM1dVF88YU/iQlVwyz4w1w42moi',
    'Account',
    '2026-03-18T09:31:43.327Z',
    '',
    '',
    '',
    '',
    '',
    '',
    '',
    '',
    '',
    '',
    '',
    '9:00',
    '19:00',
    '9',
    '60'
  ],
  [
    'sanjeet',
    'Sanjeet Kumar',
    '7061302892',
    '$2b$10$rEJmlwAt0jYoaT8NmhjJUe36eihurX2YrWUVrSBMv8CihF17TmzT.',
    'Dispatch',
    '2026-06-01T12:45:17.513Z',
    '',
    '',
    '',
    '',
    '',
    'Y3U9a_',
    'Male',
    'Permanent',
    '',
    'Active',
    'Day',
    '8:00',
    '20:00',
    '12',
    '60',
    'Sunday',
    'No',
    '',
    '',
    'No',
    '',
    'No',
    '',
    '26',
    'No',
    'No',
    'No',
    '',
    '',
    '15',
    '30',
    '4',
    '8',
    '2',
    '',
    '12',
    '12',
    '12',
    '0',
    'No',
    '30',
    '',
    '',
    '',
    '',
    '',
    '',
    '',
    '',
    '',
    '',
    '',
    '',
    '',
    '',
    '',
    '',
    '',
    '',
    '',
    '',
    '',
    '',
    '',
    '',
    '',
    '',
    '',
    '2026-06-01T12:45:17.520Z'
  ],
  [
    '0AhADn',
    'Sannu Prasad',
    '8354055234',
    '$2b$10$ODeqkBhqhi.WgDLNvhXMT.gYfds6NGDjPTlols8oIe23RqMesvY72',
    'Dispatch',
    '2025-12-22T05:57:31.270Z',
    '',
    '',
    '',
    '',
    '',
    '',
    '',
    '',
    '',
    '',
    '',
    '8:00',
    '20:00',
    '12',
    '60'
  ],
  [
    'aZfqqV',
    'Santosh Yadav',
    '7985418042',
    '$2b$10$/nM0P1efVv64f3.RCGKN4u8o.g7yTSqoWmiokR9v9LjP3OmvqfAY6',
    'Dispatch',
    '2025-12-22T05:58:45.674Z',
    '',
    '',
    '',
    '',
    '',
    '',
    '',
    '',
    '',
    '',
    '',
    '8:00',
    '20:00',
    '12',
    '60'
  ],
  [
    'sapna',
    'Sapna Raval',
    '9327151267',
    '$2b$10$NrX2lEXgz12fKndiB6JRoeMfYbiTg6.EZCwd4.p0z4Pf4BxKquwPK',
    'MDO',
    '2025-12-22T09:51:27.281Z',
    '',
    '',
    '',
    '',
    '',
    '',
    '',
    '',
    '',
    '',
    '',
    '9:30',
    '18:30',
    '9',
    '60'
  ],
  [
    'pandey',
    'Satish Pandey',
    '8511268900',
    '$2b$10$rXoeRg4UVBauUU7y6iiA2O0uEG2OTg8mlSzCUPFraeICZkSitVtaO',
    'Accounts',
    '2025-12-22T10:09:26.081Z',
    '',
    '',
    '',
    '',
    '',
    '',
    '',
    '',
    '',
    '',
    '',
    '9:00',
    '19:00',
    '9',
    '60',
    '',
    '',
    '',
    '',
    '',
    '',
    '',
    '',
    '',
    '',
    '',
    '',
    '',
    '8'
  ],
  [
    'saurabh',
    'Saurabh Parauha',
    '7691958455',
    '$2b$10$emhtjENJyE2ITYNyXAG5o.uE72gKDIHQnZfFaGJ07wCv6B1ugsPyu',
    'UTILITY',
    '2026-07-08T05:08:01.391Z',
    '',
    '',
    '',
    '',
    '',
    '',
    'Male',
    'Permanent',
    '',
    'Active',
    'Day',
    '9:00',
    '18:00',
    '9',
    '60',
    'Sunday',
    'No',
    '',
    '',
    'No',
    '',
    'No',
    '',
    '26',
    'No',
    'No',
    'No',
    '',
    '',
    '15',
    '30',
    '4',
    '8',
    '2',
    '',
    '12',
    '12',
    '12',
    '0',
    'No',
    '30',
    '',
    '',
    '',
    '',
    '',
    '',
    '',
    '',
    '',
    '',
    '',
    '',
    '',
    '',
    '',
    '',
    '',
    '',
    '',
    '',
    '',
    '',
    '',
    '',
    '',
    '',
    '',
    '2026-07-08T05:08:01.391Z'
  ],
  [
    'L5Wg88',
    'Shivam Tiwari',
    '8630207229',
    '$2b$10$XTCCSVyT1wpbN2yfeMVmA.cK0/2gNXU8cjMBNkSRc4WacxehGNYUW',
    'Dispatch',
    '2025-12-22T10:11:18.756Z',
    '',
    '',
    '',
    '',
    '',
    '',
    '',
    '',
    '',
    '',
    '',
    '8:00',
    '20:00',
    '12',
    '60'
  ],
  [
    'shivang',
    'Shivang Patel',
    '9106710143',
    '$2b$10$pJc79xTGi.4UHM63XcPhdOA9CmgJ/1vZPfb3apvW92Q1CwJBJKiDe',
    'CIVIL',
    '2026-08-15T08:48:41.515Z',
    '',
    '',
    '',
    '',
    '',
    '',
    'Male',
    'Permanent',
    '',
    'Active',
    'Day',
    '9:00',
    '18:00',
    '9',
    '60',
    'Sunday',
    'No',
    '',
    '',
    'No',
    '',
    'No',
    '',
    '26',
    'No',
    'No',
    'No',
    '',
    '',
    '15',
    '30',
    '4',
    '8',
    '2',
    '',
    '12',
    '12',
    '12',
    '0',
    'No',
    '30',
    '',
    '',
    '',
    '',
    '',
    '',
    '',
    '',
    '',
    '',
    '',
    '',
    '',
    '',
    '',
    '',
    '',
    '',
    '',
    '',
    '',
    '',
    '',
    '',
    '',
    '',
    '',
    '2026-08-15T08:48:41.515Z'
  ],
  [
    'simnan',
    'Simnan Ansari',
    '9427844993',
    '$2b$10$YLpuVu/LyPtK8sANYeSDjeColfBTd5ICdrIONPKJr4qghU8Xm15/K',
    'Import-Export',
    '2025-12-22T10:13:47.729Z',
    '',
    '',
    '',
    '',
    '',
    '',
    '',
    '',
    '',
    '',
    '',
    '9:00',
    '19:00',
    '9',
    '60'
  ],
  [
    'sintu',
    'Sintu',
    '8789071633',
    '$2b$10$KFUfThwGoWlJK0m8NCd4euKanCZxzW7r11cVrHWnZ3oVtdtpMnNJ2',
    'RM',
    '2025-12-22T10:17:37.998Z',
    '',
    '',
    '',
    '',
    '',
    '',
    '',
    '',
    '',
    '',
    '',
    '8:00',
    '20:00',
    '12',
    '60'
  ],
  [
    'HSECp6',
    'Sonu Gujjar',
    '8827680284',
    '$2b$10$yRprwpe4xC93rcHZdnLx2Oc4p322mOhWbiWe2ljNYy5mPnrvrAkL.',
    'Electrical Head',
    '2025-12-22T10:21:08.530Z',
    '',
    '',
    '',
    '',
    '',
    '',
    '',
    '',
    '',
    '',
    '',
    '9:00',
    '19:00',
    '9',
    '60'
  ],
  [
    'sumit',
    'Sumit Prajapati',
    '8127374506',
    '$2b$10$6tbEvhIZX04Hy6ek.Bn84uLOv0Htc2w5rreZ5VFd5us.IfQILO3ra',
    'Utility eng',
    '2025-12-22T10:23:24.671Z',
    '',
    '',
    '',
    '',
    '',
    '',
    '',
    '',
    '',
    '',
    '',
    '9:00',
    '19:00',
    '9',
    '60'
  ],
  [
    'sunil',
    'Sunil Rajput',
    '9687993396',
    '$2b$10$KFHQ.v/Sq41Drz2p8EomwO2JV4TtwlNWXiEqwR6FHPN2mGYGHZ3/a',
    'Maintenance',
    '2025-12-22T10:29:16.610Z',
    '',
    '',
    '',
    '',
    '',
    '',
    '',
    '',
    '',
    '',
    '',
    '9:00',
    '19:00',
    '9',
    '60'
  ],
  [
    'suraj',
    'Suraj Bind',
    '9535023980',
    '$2b$10$foT3CMHkT6nsyqiJObSIb./vnihwGR6YYfBwdcaUAgHGpdurRdR0u',
    'production',
    '2026-06-13T06:56:40.126Z',
    '',
    '',
    '',
    '',
    '',
    '',
    'Male',
    'Permanent',
    '',
    'Active',
    'Day',
    '9:00',
    '18:00',
    '9',
    '60',
    'Sunday',
    'No',
    '',
    '',
    'No',
    '',
    'No',
    '',
    '26',
    'No',
    'No',
    'No',
    '',
    '',
    '15',
    '30',
    '4',
    '8',
    '2',
    '',
    '12',
    '12',
    '12',
    '0',
    'No',
    '30',
    '',
    '',
    '',
    '',
    '',
    '',
    '',
    '',
    '',
    '',
    '',
    '',
    '',
    '',
    '',
    '',
    '',
    '',
    '',
    '',
    '',
    '',
    '',
    '',
    '',
    '',
    '',
    '2026-06-13T06:56:40.127Z'
  ],
  [
    'tushar',
    'Tushar Solanki',
    '7698425693',
    '$2b$10$iikK9ufipN46iNsyxCd7g.MF/Bztte0KDIKV94YyWmJqH.GZotaZ6',
    'MDO',
    '2026-02-19T10:54:06.159Z',
    '',
    '',
    '',
    '',
    '',
    '',
    '',
    '',
    '',
    '',
    '',
    '9:00',
    '19:00',
    '9',
    '60'
  ],
  [
    'umesh',
    'Umesh Patil',
    '9307040526',
    '$2b$10$QlAScKizT/G0DLGogkl1I.4IePb30VNtv5T9ql.JKAM212R4jewqa',
    'MIS',
    '2026-04-06T11:36:40.901Z',
    '',
    '',
    '',
    '',
    '',
    '',
    '',
    '',
    '',
    '',
    '',
    '9:00',
    '19:00',
    '9',
    '60'
  ],
  [
    'vaidehi',
    'Vaidehi Nakum',
    '9081331156',
    '$2b$10$u49JgqkU0mTKuIK8zkcAju6WVOggK/c4hwG/zbSvlJjoTN1Tr6dcW',
    'SALES MDO',
    '2026-08-15T07:04:57.217Z',
    '',
    '',
    '',
    '',
    '',
    '',
    'Female',
    'Permanent',
    '',
    'Active',
    'Day',
    '9:00',
    '18:00',
    '9',
    '60',
    'Sunday',
    'No',
    '',
    '',
    'No',
    '',
    'No',
    '',
    '26',
    'No',
    'No',
    'No',
    '',
    '',
    '15',
    '30',
    '4',
    '8',
    '2',
    '',
    '12',
    '12',
    '12',
    '0',
    'No',
    '30',
    '',
    '',
    '',
    '',
    '',
    '',
    '',
    '',
    '',
    '',
    '',
    '',
    '',
    '',
    '',
    '',
    '',
    '',
    '',
    '',
    '',
    '',
    '',
    '',
    '',
    '',
    '',
    '2026-08-15T07:04:57.217Z'
  ],
  [
    'vishal',
    'Vishal Surani',
    '7405579122',
    '$2b$10$sgqeoZbH58iToUS2C0d3bOuMXPFsaLIO4t5A2ALE1g/tzUrifiziu',
    'Account',
    '2026-02-11T06:43:56.715Z',
    '',
    '',
    '',
    '',
    '',
    '',
    '',
    '',
    '',
    '',
    '',
    '9:00',
    '19:00',
    '9',
    '60'
  ],
  [
    'vishwas',
    'Vishwash Gupta ',
    '8469591606',
    '$2b$10$8XbXWMAbd0JBPwjGeAUiSeEzyBkofN9pjXmsVm79mETtiPkvMrkOu',
    'pulp',
    '2026-08-04T06:43:17.460Z',
    '',
    '',
    '',
    '',
    '',
    '',
    'Male',
    'Permanent',
    '',
    'Active',
    'Day',
    '9:00',
    '18:00',
    '9',
    '60',
    'Sunday',
    'No',
    '',
    '',
    'No',
    '',
    'No',
    '',
    '26',
    'No',
    'No',
    'No',
    '',
    '',
    '15',
    '30',
    '4',
    '8',
    '2',
    '',
    '12',
    '12',
    '12',
    '0',
    'No',
    '30',
    '',
    '',
    '',
    '',
    '',
    '',
    '',
    '',
    '',
    '',
    '',
    '',
    '',
    '',
    '',
    '',
    '',
    '',
    '',
    '',
    '',
    '',
    '',
    '',
    '',
    '',
    '',
    '2026-08-04T06:43:17.461Z'
  ],
  [
    'yash',
    'Yash Prajapti',
    '9328563115',
    '$2b$10$CWa4oWU3TjMcNgLFvTa0WuIMoRr3kC9PTSrDPbVZBpQF5QcYX4vy6',
    'SALES MDO',
    '2026-06-10T10:28:25.742Z',
    '',
    '',
    '',
    '',
    '',
    '',
    'Male',
    'Permanent',
    '',
    'Active',
    'Day',
    '9:00',
    '18:00',
    '9',
    '60',
    'Sunday',
    'No',
    '',
    '',
    'No',
    '',
    'No',
    '',
    '26',
    'No',
    'No',
    'No',
    '',
    '',
    '15',
    '30',
    '4',
    '8',
    '2',
    '',
    '12',
    '12',
    '12',
    '0',
    'No',
    '30',
    '',
    '',
    '',
    '',
    '',
    '',
    '',
    '',
    '',
    '',
    '',
    '',
    '',
    '',
    '',
    '',
    '',
    '',
    '',
    '',
    '',
    '',
    '',
    '',
    '',
    '',
    '',
    '2026-06-10T10:28:25.743Z'
  ]
]
empRes.data.values: [
  [
    '6dgQYj',
    'Abhishek Rajput',
    '9555896724',
    '$2b$10$9cYKmsMaFLap9lC4D9PPvuQaRTwW50bC8wwoORxE0UBwTRtzmRS8e',
    'Boiler',
    '2025-12-22T04:04:28.469Z',
    '',
    '',
    '',
    '',
    '',
    '',
    '',
    '',
    '',
    '',
    '',
    '9:00',
    '19:00',
    '9',
    '60'
  ],
  [
    'ajay',
    'Ajay Yadav',
    '6354608636',
    '$2b$10$hrahPlEIjbQOcumX74WDxONksEqsMzyfW83NHxsOlRp3KgvkAXPSm',
    'Security',
    '2026-01-26T09:15:50.966Z',
    '',
    '',
    '',
    '',
    '',
    '',
    '',
    '',
    '',
    '',
    '',
    '9:00',
    '19:00',
    '9',
    '60'
  ],
  [
    'aman',
    'Aman Thakur',
    '6202929430',
    '$2b$10$zDo8Widap9ohECvP74raS.l6/KSiQrRWtLLPoKma0pBO4R0OWCOHi',
    'RM',
    '2025-12-22T10:47:02.595Z',
    '',
    '',
    '',
    '',
    '',
    '',
    '',
    '',
    '',
    '',
    '',
    '9:00',
    '19:00',
    '9',
    '60'
  ],
  [
    'amit',
    'Amit Dubey',
    '9608198167',
    '$2b$10$0OlO.Fv446g7pp/guwdwc.kt/WbTwbKeFtq/D8MHWfc6VT.uJxWJe',
    'Dispatch',
    '2026-04-27T10:54:45.721Z',
    '',
    '',
    '',
    '',
    '',
    '',
    '',
    '',
    '',
    '',
    '',
    '8:00',
    '20:00',
    '12',
    '60'
  ],
  [
    'ankit',
    "Ankit 's Driver",
    '7574934775',
    '$2b$10$T1nz8..F3hoQJ8UHJzez8engOVc3k6wJwWywPL2Qdpjm30yDHo0im',
    'Driver',
    '2025-12-22T04:18:32.668Z',
    '',
    '',
    '',
    '',
    '',
    '',
    '',
    '',
    '',
    '',
    '',
    '9:00',
    '19:00',
    '9',
    '60'
  ],
  [
    'K5-PcF',
    'Ankit Gupta',
    '7090117177',
    '$2b$10$kUqFK13EXxSIO9jT9hy9CuHddO2WQfjyf1nK8IywKMQR3WdNqHHK2',
    'RM',
    '2025-12-22T04:16:53.662Z',
    '',
    '',
    '',
    '',
    '',
    '',
    '',
    '',
    '',
    '',
    '',
    '8:00',
    '20:00',
    '12',
    '60'
  ],
  [
    'arun',
    'Arun Dubey',
    '9638283366',
    '$2b$10$ikF0c/qA2H4KvftwiEaa3.ISSv8MlsSZtdKNtroFMZQtqN0dm/Wum',
    'Dispatch',
    '2025-12-22T04:19:34.970Z',
    '',
    '',
    '',
    '',
    '',
    '',
    '',
    '',
    '',
    '',
    '',
    '8:00',
    '20:00',
    '12',
    '60'
  ],
  [
    'arvind',
    'Arvind Kumar',
    '9638160843',
    '$2b$10$et56r2nOPeABnylqVSvF8.vOUp1QO88mBESbUTu4hXqTrA41yLSti',
    'Maintenance ',
    '2026-01-05T14:27:14.861Z',
    '',
    '',
    '',
    '',
    '',
    '',
    '',
    '',
    '',
    '',
    '',
    '9:00',
    '19:00',
    '9',
    '60'
  ],
  [
    'babudhancivil',
    'Babudhan Civil - Work',
    '9241548041',
    '$2b$10$z.eNTwjwsUh7I5w71hxshulv5o1yZFrjIuTow3xUqr1RkC4arsaBq',
    'Civil - Work',
    '2026-07-28T05:44:53.659Z',
    '',
    '',
    '',
    '',
    '',
    'Y3U9a_',
    '',
    'Permanent',
    '',
    'Active',
    'Day',
    '9:00',
    '18:00',
    '9',
    '60',
    'Sunday',
    'No',
    '',
    '',
    'No',
    '',
    'No',
    '',
    '26',
    'No',
    'No',
    'No',
    '',
    '',
    '15',
    '30',
    '4',
    '8',
    '2',
    '',
    '12',
    '12',
    '12',
    '0',
    'No',
    '30',
    '',
    '',
    '',
    '',
    '',
    '',
    '',
    '',
    '',
    '',
    '',
    '',
    '',
    '',
    '',
    '',
    '',
    '',
    '',
    '',
    '',
    '',
    '',
    '',
    '',
    '',
    '',
    '2026-07-28T05:44:53.659Z'
  ],
  [
    '1CO1Nt',
    'Babudhan Paswan',
    '9241548041',
    '$2b$10$zm1eeUc5PtDUkYFufYazj.Dscmkk5USs0yrstbjsAk3n2SerVIFRi',
    'RM',
    '2025-12-22T04:22:46.773Z',
    '',
    '',
    '',
    '',
    '',
    '',
    '',
    '',
    '',
    '',
    '',
    '9:00',
    '19:00',
    '9',
    '60'
  ],
  [
    'Y3U9a_',
    'Bhakti Ram',
    '9725698230',
    '$2b$10$70Ki/KZT2hTypZznPAt4OeDHIxSu/qHVsieoxzgdZJxXdleLu5Z3C',
    'MDO',
    '2025-12-22T04:25:01.669Z',
    '',
    '',
    '',
    '',
    '',
    '',
    '',
    '',
    '',
    '',
    '',
    '9:00',
    '19:00',
    '9',
    '60'
  ],
  [
    'bhavik',
    'Bhavik Tailor',
    '9909551210',
    '$2b$10$flWIe7sO67dztPiSF1muR.GLvOaJO8ksaBM.LgUOms9bXjeSDadPC',
    'Accounts',
    '2025-12-22T04:26:46.474Z',
    '',
    '',
    '',
    '',
    '',
    '',
    '',
    '',
    '',
    '',
    '',
    '9:00',
    '19:00',
    '9',
    '60'
  ],
  [
    'binit',
    'Binit Maurya',
    '9911174926',
    '$2b$10$h3cj38.OYuSRsfsoaL1Cqe6EVEba6i4Sl8M903vp2eCRL6lrv36/i',
    'boiler',
    '2026-01-20T12:49:42.883Z',
    '',
    '',
    '',
    '',
    '',
    '',
    '',
    '',
    '',
    '',
    '',
    '9:00',
    '19:00',
    '9',
    '60'
  ],
  [
    'binita',
    'Binita Chauhan',
    '9316026122',
    '$2b$10$hMQwWEDmpyGYmHSRvDUaR.az4rDFoOgIrINf8VPN8Qdx9wy5E6Al2',
    'CRM',
    '2025-12-22T04:27:57.761Z',
    '',
    '',
    '',
    '',
    '',
    '',
    '',
    '',
    '',
    '',
    '',
    '9:30',
    '18:30',
    '8',
    '60'
  ],
  [
    'bobby',
    'Bobby Deval',
    '6353942601',
    '$2b$10$ByrOsAx/eMf0yG7zj0Oi9OCe3/usc1uEmpsTBd8h0GFKuxnzyFcC.',
    'Dispatch',
    '2025-12-22T04:31:03.466Z',
    '',
    '',
    '',
    '',
    '',
    '',
    '',
    '',
    '',
    '',
    '',
    '8:00',
    '20:00',
    '12',
    '60'
  ],
  [
    'chandani',
    'Chandani Rai',
    '9327436834',
    '$2b$10$MhL2Bm9f0wLd8JXm6zUUNOpbfGTivJ0m4OI676lLk5u5e1UWNPH8K',
    'SC',
    '2025-12-22T04:32:43.466Z',
    '',
    '',
    '',
    '',
    '',
    '',
    '',
    '',
    '',
    '',
    '',
    '9:30',
    '18:30',
    '8',
    '60'
  ],
  [
    'chintan',
    'Chintan Patel',
    '9638445090',
    '$2b$10$MXMXhXqTevRgLoiHJb7ueevb4J6ygsSIYhQFbvYgB6zdCUOmgAoy6',
    'Accounts',
    '2025-12-22T04:34:13.961Z',
    '',
    '',
    '',
    '',
    '',
    '',
    '',
    '',
    '',
    '',
    '',
    '9:00',
    '19:00',
    '9',
    '60'
  ],
  [
    'zKeT0-',
    'Chirag Unagar',
    '7572896435',
    '$2b$10$x5l5jOQ.hj13IELaMRIAKOluGqG0jYXRxOBcSJEenq61a3rcDHy7W',
    'Accounts',
    '2025-12-22T04:35:42.065Z',
    '',
    '',
    '',
    '',
    '',
    'Chirag Unagar',
    '',
    '',
    '',
    '',
    '',
    '9:00',
    '19:00',
    '9',
    '60'
  ],
  [
    'deepak',
    'Deepak Singh',
    '8084337326',
    '$2b$10$lCvM/.2eiNbNZRtPofX87.SBoXR3pdRcj4aEMJWmcrnSA80sX/jES',
    'RM',
    '2025-12-22T04:39:20.571Z',
    '',
    '',
    '',
    '',
    '',
    '',
    '',
    '',
    '',
    '',
    '',
    '9:00',
    '19:00',
    '9',
    '60'
  ],
  [
    'devyani',
    'Devyani Bhatt',
    '9687303092',
    '$2b$10$RqWq68jYVAQwLB2cdizmlO38ojbAGi9kT7V2Voft.cJ6JcWyOOdY2',
    'PC',
    '2025-12-19T04:41:50.341Z',
    '',
    '',
    '',
    '',
    '',
    '',
    '',
    '',
    '',
    '',
    '',
    '9:30',
    '18:30',
    '8',
    '60'
  ],
  [
    'govind',
    'Govind Vora',
    '7055375805',
    '$2b$10$TNbJzlZmhw1gkkDKVkhwR.YfEULh1J95wmRRiLRSGZeuKY7JD0wj2',
    'MIS',
    '2026-01-02T13:32:40.063Z',
    'Eminent Paper Industries llp',
    '08/07/1996',
    '02/09/2023',
    '',
    'MIS',
    'Govind Vora',
    '',
    '',
    '',
    '',
    '',
    '9:00',
    '19:00',
    '9',
    '60'
  ],
  [
    'hemant',
    'Hemant Tiwari',
    '9428292784',
    '$2b$10$PrmuGJxLQGDmpXn7QIUiTeyUA4IjROkY5HmHRgWsAAgeWOlxU0tOW',
    'Dispatch',
    '2025-12-22T04:41:04.670Z',
    '',
    '',
    '',
    '',
    '',
    '',
    '',
    '',
    '',
    '',
    '',
    '8:00',
    '20:00',
    '12',
    '60'
  ],
  [
    'sUA1C5',
    'Hiren Vekariya',
    '9601353472',
    '$2b$10$eHfXS2tge/nzLdjVE9lMd.zhOSyjK.Y.pyFGLAqvvAPR9MMYSREna',
    'Dispatch',
    '2025-12-22T04:42:54.174Z',
    '',
    '',
    '',
    '',
    '',
    '',
    '',
    '',
    '',
    '',
    '',
    '8:00',
    '20:00',
    '12',
    '60'
  ],
  [
    'V3oqaL',
    'Hitesh Rajput',
    '9662007369',
    '$2b$10$8t57M5UcjpQASJuqnWS5COnTDR1i0ndBAU/CgTzp0wzpdBwd5rlm2',
    'Accounts',
    '2025-12-22T04:44:39.277Z',
    '',
    '',
    '',
    '',
    '',
    '',
    '',
    '',
    '',
    '',
    '',
    '9:00',
    '19:00',
    '9',
    '60',
    '',
    '',
    '',
    '',
    '',
    '',
    '',
    '',
    '',
    '',
    '',
    '',
    '',
    '6'
  ],
  [
    'jayesh',
    'Jayesh Nagar',
    '9924990735',
    '$2b$10$hOEoO8jC/buSwutF39xbiO5hMAXrd5e3WebMqee8yI76H65AmNqey',
    'Maintenance ',
    '2025-12-22T04:51:28.861Z',
    '',
    '',
    '',
    '',
    '',
    '',
    '',
    '',
    '',
    '',
    '',
    '9:00',
    '19:00',
    '9',
    '60'
  ],
  [
    'kamini',
    'Kamini Patil',
    '9574841981',
    '$2b$10$hQEujWG2HGw8yUw4UWYuAOmbeAGiuXRBdynA4TLHO0gBlZTnVh.ni',
    'SALES MDO',
    '2026-08-10T09:14:14.277Z',
    '',
    '',
    '',
    '',
    '',
    '',
    'Female',
    'Permanent',
    '',
    'Active',
    'Day',
    '9:00',
    '18:00',
    '9',
    '60',
    'Sunday',
    'No',
    '',
    '',
    'No',
    '',
    'No',
    '',
    '26',
    'No',
    'No',
    'No',
    '',
    '',
    '15',
    '30',
    '4',
    '8',
    '2',
    '',
    '12',
    '12',
    '12',
    '0',
    'No',
    '30',
    '',
    '',
    '',
    '',
    '',
    '',
    '',
    '',
    '',
    '',
    '',
    '',
    '',
    '',
    '',
    '',
    '',
    '',
    '',
    '',
    '',
    '',
    '',
    '',
    '',
    '',
    '',
    '2026-08-10T09:14:14.277Z'
  ],
  [
    'khushi',
    'Khushi Gosai',
    '7859878612',
    '$2b$10$cyJKdeDBR/oN28PjrBHb7OXmf3sao/hAoT94d3WpxvUod6BTAEUZO',
    'Recruitment',
    '2026-01-29T10:24:02.918Z',
    '',
    '',
    '',
    '',
    '',
    '',
    '',
    '',
    '',
    '',
    '',
    '9:30',
    '18:30',
    '9',
    '60'
  ],
  [
    'kiran',
    'Kiran Kumar (Store)',
    '8052241041',
    '$2b$10$7YHF7XCqHse8v0UMV9IR3usXn75hoCsQwOTb70J33ArNvoVpURqZm',
    'Maintenance',
    '2026-04-28T05:25:55.029Z',
    '',
    '',
    '',
    '',
    '',
    '',
    '',
    '',
    '',
    '',
    '',
    '9:00',
    '19:00',
    '9',
    '60'
  ],
  [
    'kunal',
    'Kunal Chauhan',
    '9913388868',
    '$2b$10$lg3A9nBAPs4DXZUrlHsIb.Kcrcwtmxj21wmr0Nge3uFYTPuXTD9fq',
    'Utility',
    '2026-07-06T08:58:02.054Z',
    '',
    '',
    '',
    '',
    '',
    '',
    'Male',
    'Permanent',
    '',
    'Active',
    'Day',
    '9:00',
    '18:00',
    '9',
    '60',
    'Sunday',
    'No',
    '',
    '',
    'No',
    '',
    'No',
    '',
    '26',
    'No',
    'No',
    'No',
    '',
    '',
    '15',
    '30',
    '4',
    '8',
    '2',
    '',
    '12',
    '12',
    '12',
    '0',
    'No',
    '30',
    '',
    '',
    '',
    '',
    '',
    '',
    '',
    '',
    '',
    '',
    '',
    '',
    '',
    '',
    '',
    '',
    '',
    '',
    '',
    '',
    '',
    '',
    '',
    '',
    '',
    '',
    '',
    '2026-07-06T08:58:02.055Z'
  ],
  [
    'kundan',
    'Kundan Thakur',
    '7491005250',
    '$2b$10$s21VWKT4yp0SMaKYFbbc0u0P9ySKW0LOSFQmfdWGnpAbsTWvhFr5.',
    'Maintenance',
    '2025-12-22T11:20:40.937Z',
    '',
    '',
    '',
    '',
    '',
    '',
    '',
    '',
    '',
    '',
    '',
    '9:00',
    '19:00',
    '9',
    '60'
  ],
  [
    'maitri',
    'Maitri Patel',
    '9327422120',
    '$2b$10$sUjR9Pr7D40M26VDnn7pe.p15TUcydpS.IZcoawbWOheG/M3TvPzy',
    'HR',
    '2025-12-22T11:23:15.455Z',
    '',
    '',
    '',
    '',
    '',
    '',
    '',
    '',
    '',
    '',
    '',
    '9:30',
    '18:30',
    '8',
    '60'
  ],
  [
    'sami323',
    'Mohammad Sami ',
    '7372890117',
    '$2b$10$LztTh/86KzutI4BKBXjMheqTRCI4TzCPieq1cPAeLWp6Dai4AZnaa',
    'MIS',
    '2025-12-19T04:36:54.041Z',
    'Eminent Paper Industry',
    '12/12/2000',
    '08/01/2025',
    'https://res.cloudinary.com/dbchjxw68/image/upload/v1780239978/help_tickets/epqmc2v7pkr9frwa6buc.jpg',
    'Content Creator .',
    'Mohammad Sami ',
    '',
    '',
    '',
    '',
    '',
    '9:00',
    '19:00',
    '9',
    '60'
  ],
  [
    'zNkNDC',
    'Mohit Kumar',
    '9548708847',
    '$2b$10$D0WH3OMp5XRRJ9GD4wJEbuw0rnC8mT7tVK5dVrOFttsA5XLGT6PHC',
    'Electrical',
    '2025-12-22T04:57:04.864Z',
    '',
    '',
    '',
    '',
    '',
    '',
    '',
    '',
    '',
    '',
    '',
    '9:00',
    '19:00',
    '9',
    '60'
  ],
  [
    'muskan',
    'Muskan Khan',
    '9973920282',
    '$2b$10$U0qg.9ljUruyPZPcBhIAn.Flw72ZEJynpl9ITRoSC75p57GyCz0by',
    'SALES MDO',
    '2026-08-17T11:38:42.032Z',
    '',
    '',
    '',
    '',
    '',
    '',
    'Female',
    'Permanent',
    '',
    'Active',
    'Day',
    '9:00',
    '18:00',
    '9',
    '60',
    'Sunday',
    'No',
    '',
    '',
    'No',
    '',
    'No',
    '',
    '26',
    'No',
    'No',
    'No',
    '',
    '',
    '15',
    '30',
    '4',
    '8',
    '2',
    '',
    '12',
    '12',
    '12',
    '0',
    'No',
    '30',
    '',
    '',
    '',
    '',
    '',
    '',
    '',
    '',
    '',
    '',
    '',
    '',
    '',
    '',
    '',
    '',
    '',
    '',
    '',
    '',
    '',
    '',
    '',
    '',
    '',
    '',
    '',
    '2026-08-17T11:38:42.033Z'
  ],
  [
    'omprakash',
    'Omprakash',
    '8081054181',
    '$2b$10$fdUrMrrkFxERSDxBYfLfTOeuKziujX9VPkAV85KnN0IYMBwTawBHy',
    'Dispatch',
    '2025-12-22T05:03:07.569Z',
    '',
    '',
    '',
    '',
    '',
    '',
    '',
    '',
    '',
    '',
    '',
    '8:00',
    '20:00',
    '12',
    '60'
  ],
  [
    'paint',
    'Paint - Work',
    '9241548041',
    '$2b$10$Q8a9DVFJTY5npPyAEYRI8O2zbOo8PZiZAXPNaHg/0PiQWudZuzTEm',
    'Paint - Work',
    '2026-07-28T05:47:03.070Z',
    '',
    '',
    '',
    '',
    '',
    'Y3U9a_',
    '',
    'Permanent',
    '',
    'Active',
    'Day',
    '9:00',
    '18:00',
    '9',
    '60',
    'Sunday',
    'No',
    '',
    '',
    'No',
    '',
    'No',
    '',
    '26',
    'No',
    'No',
    'No',
    '',
    '',
    '15',
    '30',
    '4',
    '8',
    '2',
    '',
    '12',
    '12',
    '12',
    '0',
    'No',
    '30',
    '',
    '',
    '',
    '',
    '',
    '',
    '',
    '',
    '',
    '',
    '',
    '',
    '',
    '',
    '',
    '',
    '',
    '',
    '',
    '',
    '',
    '',
    '',
    '',
    '',
    '',
    '',
    '2026-07-28T05:47:03.070Z'
  ],
  [
    'um8mkb',
    'Pankaj (RO1)',
    '9140445217',
    '$2b$10$.JyEx.5UiWa7f2KCQNUe5O2KVl2D/4DLLqF0a3KcdH7gVQxjvr3w2',
    'ro',
    '2025-12-22T11:29:18.021Z',
    '',
    '',
    '',
    '',
    '',
    '',
    '',
    '',
    '',
    '',
    '',
    '9:00',
    '19:00',
    '9',
    '60'
  ],
  [
    'patra',
    'Patra - Work',
    '9241548041',
    '$2b$10$F0qvlQueEVXqwWg4ShM97ezYIOO67ruH3pJwhDwduU0hXDrbiM8Rq',
    'Patra',
    '2026-07-31T11:22:27.659Z',
    '',
    '',
    '',
    '',
    '',
    'patra',
    '',
    'Permanent',
    '',
    'Active',
    'Day',
    '9:00',
    '18:00',
    '9',
    '60',
    'Sunday',
    'No',
    '',
    '',
    'No',
    '',
    'No',
    '',
    '26',
    'No',
    'No',
    'No',
    '',
    '',
    '15',
    '30',
    '4',
    '8',
    '2',
    '',
    '12',
    '12',
    '12',
    '0',
    'No',
    '30',
    '',
    '',
    '',
    '',
    '',
    '',
    '',
    '',
    '',
    '',
    '',
    '',
    '',
    '',
    '',
    '',
    '',
    '',
    '',
    '',
    '',
    '',
    '',
    '',
    '',
    '',
    '',
    '2026-07-31T11:22:27.659Z'
  ],
  [
    'pawan',
    'Pawan Pandey (Ro2)',
    '9793295713',
    '$2b$10$J7GbHDfz05pDDn.WYlvANuDcDXhu0Ec.VDkeA2hTUGQkJJRZ3Qz2G',
    'RO',
    '2026-08-22T06:12:41.226Z',
    '',
    '',
    '',
    '',
    '',
    'pawan',
    'Male',
    'Permanent',
    '',
    'Active',
    'Day',
    '9:00',
    '18:00',
    '9',
    '60',
    'Sunday',
    'No',
    '',
    '',
    'No',
    '',
    'No',
    '',
    '26',
    'No',
    'No',
    'No',
    '',
    '',
    '15',
    '30',
    '4',
    '8',
    '2',
    '',
    '12',
    '12',
    '12',
    '0',
    'No',
    '30',
    '',
    '',
    '',
    '',
    '',
    '',
    '',
    '',
    '',
    '',
    '',
    '',
    '',
    '',
    '',
    '',
    '',
    '',
    '',
    '',
    '',
    '',
    '',
    '',
    '',
    '',
    '',
    '2026-08-22T06:12:41.226Z'
  ],
  [
    '3ylRZ5',
    'Pratik Zalavadiya',
    '9638471480',
    '$2b$10$pJjvjBJ1tDA8m32juKwrcefGEk3UgL.wqOYFk1CBz11.AhV2RCNgW',
    'Purchase',
    '2025-12-22T05:16:54.071Z',
    '',
    '',
    '',
    '',
    '',
    '',
    '',
    '',
    '',
    '',
    '',
    '9:00',
    '19:00',
    '9',
    '60'
  ],
  [
    'reddy',
    'Project',
    '7990820778',
    '$2b$10$8utTN4ovfzrGWcAQ6BrJQ.jRhG2mW1ySBklvkLeijpYNTxJZWodtO',
    'Maintenance',
    '2026-03-07T08:29:32.064Z',
    '',
    '',
    '',
    '',
    '',
    '',
    '',
    '',
    '',
    '',
    '',
    '9:00',
    '19:00',
    '9',
    '60'
  ],
  [
    'projectpdf',
    'PROJECT -PDF',
    '9586883694',
    '$2b$10$a2zmSse8D1QLBCVK9b.0oOqnzcE27xffo.xRWePULjRr/4DQvfd3G',
    'PROJECT',
    '2026-05-12T04:10:02.800Z',
    '',
    '',
    '',
    '',
    '',
    '',
    '',
    '',
    '',
    '',
    '',
    '9:00',
    '19:00',
    '9',
    '60'
  ],
  [
    'pulpmill',
    'PROJECT- PULP MILL',
    '9586883694',
    '$2b$10$l6IAWT2mjV66k9YanIQjhuTSligu2nIrQ7KdBuEo9nU9iPfZGijlm',
    'PROJECT',
    '2026-05-12T04:43:58.892Z',
    '',
    '',
    '',
    '',
    '',
    '',
    '',
    '',
    '',
    '',
    '',
    '9:00',
    '19:00',
    '9',
    '60'
  ],
  [
    'acce',
    'PROJECT-ACCESSORIES',
    '9586883694',
    '$2b$10$zbkpenepGTHHwK94P/ZEKOQuiuAM2Tpisf82EU/OeyeIGzLSmhGli',
    'PROJECT',
    '2026-05-12T09:17:21.392Z',
    '',
    '',
    '',
    '',
    '',
    '',
    '',
    '',
    '',
    '',
    '',
    '9:00',
    '19:00',
    '9',
    '60'
  ],
  [
    'boiler',
    'PROJECT-BOILER',
    '9586883694',
    '$2b$10$krBzTTO54rp4th2Hmzy3cOE0d27ZC4iTXKFceju9MiYA/QOaTKXSS',
    'PROJECT',
    '2026-05-12T09:12:54.193Z',
    '',
    '',
    '',
    '',
    '',
    '',
    '',
    '',
    '',
    '',
    '',
    '9:00',
    '19:00',
    '9',
    '60'
  ],
  [
    'civil',
    'PROJECT-CIVIL',
    '9586883694',
    '$2b$10$n7IzZ8iPjtjK/ZTUuBpkuu/r3Q7rIfbqaBhsCxUsZS89mGmjcZDVC',
    'PROJECT',
    '2026-05-12T09:09:18.793Z',
    '',
    '',
    '',
    '',
    '',
    '',
    '',
    '',
    '',
    '',
    '',
    '9:00',
    '19:00',
    '9',
    '60'
  ],
  [
    'etp',
    'PROJECT-ETP',
    '9586883694',
    '$2b$10$A0kHW3TI5ZsLOEjQcCozP.Z7MxoBvMFtDxdd62.MP1n1yaI8xnpKi',
    'PROJECT',
    '2026-05-12T09:15:18.486Z',
    '',
    '',
    '',
    '',
    '',
    '',
    '',
    '',
    '',
    '',
    '',
    '9:00',
    '19:00',
    '9',
    '60'
  ],
  [
    'machine',
    'PROJECT-MACHINE ',
    '9586883694',
    '$2b$10$U19H6mRCfRg3WlP33uWBEOX1khFMZ3HpqLPW8HpHTDqfKXq4cJqEi',
    'PROJECT',
    '2026-05-12T09:04:42.691Z',
    '',
    '',
    '',
    '',
    '',
    '',
    '',
    '',
    '',
    '',
    '',
    '9:00',
    '19:00',
    '9',
    '60'
  ],
  [
    'GW67ih',
    'Rajdeep Rana',
    '7069338663',
    '$2b$10$KGbdLkZeYMEt9eUUkYWRcOe8iKiVqV67Chr2uJMg38G4GYq6NqPai',
    'Accounts',
    '2025-12-22T05:20:48.064Z',
    '',
    '',
    '',
    '',
    '',
    '',
    '',
    '',
    '',
    '',
    '',
    '9:00',
    '19:00',
    '9',
    '60'
  ],
  [
    'rakhi',
    'Rakhi Dohare',
    '9978710262',
    '$2b$10$yVLitNDxCk/QzvbHa1jTxuA16TaMPKaFCM7TU1AEsuAB8785CfcSi',
    'CRM',
    '2026-03-17T08:00:58.133Z',
    '',
    '',
    '',
    '',
    '',
    '',
    '',
    '',
    '',
    '',
    '',
    '9:30',
    '18:30',
    '9',
    '60'
  ],
  [
    'ravikant',
    'Ravikant Rajput',
    '9005739259',
    '$2b$10$8tmpWhNbCen0Eji3ffbNdevoyCFZBKifGV6Y2oEKI/XO41XE10/uy',
    'Instrument',
    '2025-12-22T05:23:21.464Z',
    '',
    '',
    '',
    '',
    '',
    '',
    '',
    '',
    '',
    '',
    '',
    '9:00',
    '19:00',
    '9',
    '60'
  ],
  [
    'lA1Xyq',
    'Ritesh Agarwal',
    '9825120883',
    '$2b$10$k2GuIDMT7rnyp2veVThXXuJiA6euUNgRHWt/rt25NxEo3RrqSfYR6',
    'MD',
    '2025-12-22T05:24:49.166Z',
    '',
    '',
    '',
    '',
    '',
    '',
    '',
    '',
    '',
    '',
    '',
    '9:00',
    '19:00',
    '9',
    '60'
  ],
  [
    'ritesh',
    'Ritesh Chauhan',
    '9714888290',
    '$2b$10$esIY.f0k2J7ga/XxRbXG0O7Jf23E/sjQ.IkMyP//qp9LEhgFCIA.q',
    'Utility eng',
    '2026-04-06T07:50:12.312Z',
    '',
    '',
    '',
    '',
    '',
    '',
    '',
    '',
    '',
    '',
    '',
    '9:00',
    '19:00',
    '9',
    '60'
  ],
  [
    'rupesh',
    'Rupesh Tiwari',
    '7859861526',
    '$2b$10$zx0akoILqbsJLQC2Z75f/ezJ8xF04eVr4GzPYIupJ7Ai/Dx82wYey',
    'MDO',
    '2026-02-20T05:03:52.202Z',
    '',
    '',
    '',
    '',
    '',
    '',
    '',
    '',
    '',
    '',
    '',
    '9:00',
    '19:00',
    '9',
    '60'
  ],
  [
    'sagarkamal',
    'Sagar Kamal',
    '8932040029',
    '$2b$10$Ma.SKbxfpZmw/Of4gyQ7l.J.TC9XXi9pWJcouhqG9rT4aj11TTz86',
    'store',
    '2026-05-05T05:48:33.430Z',
    'EMINENT PAPER INDUSTRIES LLP',
    '12/04/2002',
    '01/05/2026',
    '',
    'STORE KEEPER ',
    'Sagar Kamal',
    '',
    '',
    '',
    '',
    '',
    '9:00',
    '19:00',
    '9',
    '60'
  ],
  [
    'sagar',
    'Sagar Kumar',
    '7984122746',
    '$2b$10$U7wRXKHSRzemHqplACMKj.GzA0lvjSWdV1sPGatuomcnqx6UugkbO',
    'RM',
    '2025-12-22T05:27:38.864Z',
    '',
    '',
    '',
    '',
    '',
    '',
    '',
    '',
    '',
    '',
    '',
    '8:00',
    '20:00',
    '12',
    '60'
  ],
  [
    'hrQOjO',
    'Sandeep Chaudhary',
    '7359506916',
    '$2b$10$/8j7mo27eRv1hQYXQoCT5.913nQjJvFe6w0VHAF.zu9Q6wzZ8QH5W',
    'Import-Export',
    '2025-12-22T05:36:35.765Z',
    '',
    '',
    '',
    '',
    '',
    '',
    '',
    '',
    '',
    '',
    '',
    '9:00',
    '19:00',
    '9',
    '60'
  ],
  [
    'sanjay s',
    'Sanjay  Sahani',
    '7755034534',
    '$2b$10$J64OS.XFTidW9OliW91I3ehqmN03SQCX5AtP9TxheRmC.aNYlQZDW',
    'Project implementer',
    '2026-06-15T09:10:29.010Z',
    '',
    '',
    '',
    '',
    '',
    '',
    'Male',
    'Permanent',
    '',
    'Active',
    'Day',
    '9:00',
    '18:00',
    '9',
    '60',
    'Sunday',
    'No',
    '',
    '',
    'No',
    '',
    'No',
    '',
    '26',
    'No',
    'No',
    'No',
    '',
    '',
    '15',
    '30',
    '4',
    '8',
    '2',
    '',
    '12',
    '12',
    '12',
    '0',
    'No',
    '30',
    '',
    '',
    '',
    '',
    '',
    '',
    '',
    '',
    '',
    '',
    '',
    '',
    '',
    '',
    '',
    '',
    '',
    '',
    '',
    '',
    '',
    '',
    '',
    '',
    '',
    '',
    '',
    '2026-06-15T09:10:29.011Z'
  ],
  [
    'sanjay',
    'Sanjay Bhargav',
    '8306729316',
    '$2b$10$joTon8iJ.CZNbLLaoUlqZeP.3AVM1dVF88YU/iQlVwyz4w1w42moi',
    'Account',
    '2026-03-18T09:31:43.327Z',
    '',
    '',
    '',
    '',
    '',
    '',
    '',
    '',
    '',
    '',
    '',
    '9:00',
    '19:00',
    '9',
    '60'
  ],
  [
    'sanjeet',
    'Sanjeet Kumar',
    '7061302892',
    '$2b$10$rEJmlwAt0jYoaT8NmhjJUe36eihurX2YrWUVrSBMv8CihF17TmzT.',
    'Dispatch',
    '2026-06-01T12:45:17.513Z',
    '',
    '',
    '',
    '',
    '',
    'Y3U9a_',
    'Male',
    'Permanent',
    '',
    'Active',
    'Day',
    '8:00',
    '20:00',
    '12',
    '60',
    'Sunday',
    'No',
    '',
    '',
    'No',
    '',
    'No',
    '',
    '26',
    'No',
    'No',
    'No',
    '',
    '',
    '15',
    '30',
    '4',
    '8',
    '2',
    '',
    '12',
    '12',
    '12',
    '0',
    'No',
    '30',
    '',
    '',
    '',
    '',
    '',
    '',
    '',
    '',
    '',
    '',
    '',
    '',
    '',
    '',
    '',
    '',
    '',
    '',
    '',
    '',
    '',
    '',
    '',
    '',
    '',
    '',
    '',
    '2026-06-01T12:45:17.520Z'
  ],
  [
    '0AhADn',
    'Sannu Prasad',
    '8354055234',
    '$2b$10$ODeqkBhqhi.WgDLNvhXMT.gYfds6NGDjPTlols8oIe23RqMesvY72',
    'Dispatch',
    '2025-12-22T05:57:31.270Z',
    '',
    '',
    '',
    '',
    '',
    '',
    '',
    '',
    '',
    '',
    '',
    '8:00',
    '20:00',
    '12',
    '60'
  ],
  [
    'aZfqqV',
    'Santosh Yadav',
    '7985418042',
    '$2b$10$/nM0P1efVv64f3.RCGKN4u8o.g7yTSqoWmiokR9v9LjP3OmvqfAY6',
    'Dispatch',
    '2025-12-22T05:58:45.674Z',
    '',
    '',
    '',
    '',
    '',
    '',
    '',
    '',
    '',
    '',
    '',
    '8:00',
    '20:00',
    '12',
    '60'
  ],
  [
    'sapna',
    'Sapna Raval',
    '9327151267',
    '$2b$10$NrX2lEXgz12fKndiB6JRoeMfYbiTg6.EZCwd4.p0z4Pf4BxKquwPK',
    'MDO',
    '2025-12-22T09:51:27.281Z',
    '',
    '',
    '',
    '',
    '',
    '',
    '',
    '',
    '',
    '',
    '',
    '9:30',
    '18:30',
    '9',
    '60'
  ],
  [
    'pandey',
    'Satish Pandey',
    '8511268900',
    '$2b$10$rXoeRg4UVBauUU7y6iiA2O0uEG2OTg8mlSzCUPFraeICZkSitVtaO',
    'Accounts',
    '2025-12-22T10:09:26.081Z',
    '',
    '',
    '',
    '',
    '',
    '',
    '',
    '',
    '',
    '',
    '',
    '9:00',
    '19:00',
    '9',
    '60',
    '',
    '',
    '',
    '',
    '',
    '',
    '',
    '',
    '',
    '',
    '',
    '',
    '',
    '8'
  ],
  [
    'saurabh',
    'Saurabh Parauha',
    '7691958455',
    '$2b$10$emhtjENJyE2ITYNyXAG5o.uE72gKDIHQnZfFaGJ07wCv6B1ugsPyu',
    'UTILITY',
    '2026-07-08T05:08:01.391Z',
    '',
    '',
    '',
    '',
    '',
    '',
    'Male',
    'Permanent',
    '',
    'Active',
    'Day',
    '9:00',
    '18:00',
    '9',
    '60',
    'Sunday',
    'No',
    '',
    '',
    'No',
    '',
    'No',
    '',
    '26',
    'No',
    'No',
    'No',
    '',
    '',
    '15',
    '30',
    '4',
    '8',
    '2',
    '',
    '12',
    '12',
    '12',
    '0',
    'No',
    '30',
    '',
    '',
    '',
    '',
    '',
    '',
    '',
    '',
    '',
    '',
    '',
    '',
    '',
    '',
    '',
    '',
    '',
    '',
    '',
    '',
    '',
    '',
    '',
    '',
    '',
    '',
    '',
    '2026-07-08T05:08:01.391Z'
  ],
  [
    'L5Wg88',
    'Shivam Tiwari',
    '8630207229',
    '$2b$10$XTCCSVyT1wpbN2yfeMVmA.cK0/2gNXU8cjMBNkSRc4WacxehGNYUW',
    'Dispatch',
    '2025-12-22T10:11:18.756Z',
    '',
    '',
    '',
    '',
    '',
    '',
    '',
    '',
    '',
    '',
    '',
    '8:00',
    '20:00',
    '12',
    '60'
  ],
  [
    'shivang',
    'Shivang Patel',
    '9106710143',
    '$2b$10$pJc79xTGi.4UHM63XcPhdOA9CmgJ/1vZPfb3apvW92Q1CwJBJKiDe',
    'CIVIL',
    '2026-08-15T08:48:41.515Z',
    '',
    '',
    '',
    '',
    '',
    '',
    'Male',
    'Permanent',
    '',
    'Active',
    'Day',
    '9:00',
    '18:00',
    '9',
    '60',
    'Sunday',
    'No',
    '',
    '',
    'No',
    '',
    'No',
    '',
    '26',
    'No',
    'No',
    'No',
    '',
    '',
    '15',
    '30',
    '4',
    '8',
    '2',
    '',
    '12',
    '12',
    '12',
    '0',
    'No',
    '30',
    '',
    '',
    '',
    '',
    '',
    '',
    '',
    '',
    '',
    '',
    '',
    '',
    '',
    '',
    '',
    '',
    '',
    '',
    '',
    '',
    '',
    '',
    '',
    '',
    '',
    '',
    '',
    '2026-08-15T08:48:41.515Z'
  ],
  [
    'simnan',
    'Simnan Ansari',
    '9427844993',
    '$2b$10$YLpuVu/LyPtK8sANYeSDjeColfBTd5ICdrIONPKJr4qghU8Xm15/K',
    'Import-Export',
    '2025-12-22T10:13:47.729Z',
    '',
    '',
    '',
    '',
    '',
    '',
    '',
    '',
    '',
    '',
    '',
    '9:00',
    '19:00',
    '9',
    '60'
  ],
  [
    'sintu',
    'Sintu',
    '8789071633',
    '$2b$10$KFUfThwGoWlJK0m8NCd4euKanCZxzW7r11cVrHWnZ3oVtdtpMnNJ2',
    'RM',
    '2025-12-22T10:17:37.998Z',
    '',
    '',
    '',
    '',
    '',
    '',
    '',
    '',
    '',
    '',
    '',
    '8:00',
    '20:00',
    '12',
    '60'
  ],
  [
    'HSECp6',
    'Sonu Gujjar',
    '8827680284',
    '$2b$10$yRprwpe4xC93rcHZdnLx2Oc4p322mOhWbiWe2ljNYy5mPnrvrAkL.',
    'Electrical Head',
    '2025-12-22T10:21:08.530Z',
    '',
    '',
    '',
    '',
    '',
    '',
    '',
    '',
    '',
    '',
    '',
    '9:00',
    '19:00',
    '9',
    '60'
  ],
  [
    'sumit',
    'Sumit Prajapati',
    '8127374506',
    '$2b$10$6tbEvhIZX04Hy6ek.Bn84uLOv0Htc2w5rreZ5VFd5us.IfQILO3ra',
    'Utility eng',
    '2025-12-22T10:23:24.671Z',
    '',
    '',
    '',
    '',
    '',
    '',
    '',
    '',
    '',
    '',
    '',
    '9:00',
    '19:00',
    '9',
    '60'
  ],
  [
    'sunil',
    'Sunil Rajput',
    '9687993396',
    '$2b$10$KFHQ.v/Sq41Drz2p8EomwO2JV4TtwlNWXiEqwR6FHPN2mGYGHZ3/a',
    'Maintenance',
    '2025-12-22T10:29:16.610Z',
    '',
    '',
    '',
    '',
    '',
    '',
    '',
    '',
    '',
    '',
    '',
    '9:00',
    '19:00',
    '9',
    '60'
  ],
  [
    'suraj',
    'Suraj Bind',
    '9535023980',
    '$2b$10$foT3CMHkT6nsyqiJObSIb./vnihwGR6YYfBwdcaUAgHGpdurRdR0u',
    'production',
    '2026-06-13T06:56:40.126Z',
    '',
    '',
    '',
    '',
    '',
    '',
    'Male',
    'Permanent',
    '',
    'Active',
    'Day',
    '9:00',
    '18:00',
    '9',
    '60',
    'Sunday',
    'No',
    '',
    '',
    'No',
    '',
    'No',
    '',
    '26',
    'No',
    'No',
    'No',
    '',
    '',
    '15',
    '30',
    '4',
    '8',
    '2',
    '',
    '12',
    '12',
    '12',
    '0',
    'No',
    '30',
    '',
    '',
    '',
    '',
    '',
    '',
    '',
    '',
    '',
    '',
    '',
    '',
    '',
    '',
    '',
    '',
    '',
    '',
    '',
    '',
    '',
    '',
    '',
    '',
    '',
    '',
    '',
    '2026-06-13T06:56:40.127Z'
  ],
  [
    'tushar',
    'Tushar Solanki',
    '7698425693',
    '$2b$10$iikK9ufipN46iNsyxCd7g.MF/Bztte0KDIKV94YyWmJqH.GZotaZ6',
    'MDO',
    '2026-02-19T10:54:06.159Z',
    '',
    '',
    '',
    '',
    '',
    '',
    '',
    '',
    '',
    '',
    '',
    '9:00',
    '19:00',
    '9',
    '60'
  ],
  [
    'umesh',
    'Umesh Patil',
    '9307040526',
    '$2b$10$QlAScKizT/G0DLGogkl1I.4IePb30VNtv5T9ql.JKAM212R4jewqa',
    'MIS',
    '2026-04-06T11:36:40.901Z',
    '',
    '',
    '',
    '',
    '',
    '',
    '',
    '',
    '',
    '',
    '',
    '9:00',
    '19:00',
    '9',
    '60'
  ],
  [
    'vaidehi',
    'Vaidehi Nakum',
    '9081331156',
    '$2b$10$u49JgqkU0mTKuIK8zkcAju6WVOggK/c4hwG/zbSvlJjoTN1Tr6dcW',
    'SALES MDO',
    '2026-08-15T07:04:57.217Z',
    '',
    '',
    '',
    '',
    '',
    '',
    'Female',
    'Permanent',
    '',
    'Active',
    'Day',
    '9:00',
    '18:00',
    '9',
    '60',
    'Sunday',
    'No',
    '',
    '',
    'No',
    '',
    'No',
    '',
    '26',
    'No',
    'No',
    'No',
    '',
    '',
    '15',
    '30',
    '4',
    '8',
    '2',
    '',
    '12',
    '12',
    '12',
    '0',
    'No',
    '30',
    '',
    '',
    '',
    '',
    '',
    '',
    '',
    '',
    '',
    '',
    '',
    '',
    '',
    '',
    '',
    '',
    '',
    '',
    '',
    '',
    '',
    '',
    '',
    '',
    '',
    '',
    '',
    '2026-08-15T07:04:57.217Z'
  ],
  [
    'vishal',
    'Vishal Surani',
    '7405579122',
    '$2b$10$sgqeoZbH58iToUS2C0d3bOuMXPFsaLIO4t5A2ALE1g/tzUrifiziu',
    'Account',
    '2026-02-11T06:43:56.715Z',
    '',
    '',
    '',
    '',
    '',
    '',
    '',
    '',
    '',
    '',
    '',
    '9:00',
    '19:00',
    '9',
    '60'
  ],
  [
    'vishwas',
    'Vishwash Gupta ',
    '8469591606',
    '$2b$10$8XbXWMAbd0JBPwjGeAUiSeEzyBkofN9pjXmsVm79mETtiPkvMrkOu',
    'pulp',
    '2026-08-04T06:43:17.460Z',
    '',
    '',
    '',
    '',
    '',
    '',
    'Male',
    'Permanent',
    '',
    'Active',
    'Day',
    '9:00',
    '18:00',
    '9',
    '60',
    'Sunday',
    'No',
    '',
    '',
    'No',
    '',
    'No',
    '',
    '26',
    'No',
    'No',
    'No',
    '',
    '',
    '15',
    '30',
    '4',
    '8',
    '2',
    '',
    '12',
    '12',
    '12',
    '0',
    'No',
    '30',
    '',
    '',
    '',
    '',
    '',
    '',
    '',
    '',
    '',
    '',
    '',
    '',
    '',
    '',
    '',
    '',
    '',
    '',
    '',
    '',
    '',
    '',
    '',
    '',
    '',
    '',
    '',
    '2026-08-04T06:43:17.461Z'
  ],
  [
    'yash',
    'Yash Prajapti',
    '9328563115',
    '$2b$10$CWa4oWU3TjMcNgLFvTa0WuIMoRr3kC9PTSrDPbVZBpQF5QcYX4vy6',
    'SALES MDO',
    '2026-06-10T10:28:25.742Z',
    '',
    '',
    '',
    '',
    '',
    '',
    'Male',
    'Permanent',
    '',
    'Active',
    'Day',
    '9:00',
    '18:00',
    '9',
    '60',
    'Sunday',
    'No',
    '',
    '',
    'No',
    '',
    'No',
    '',
    '26',
    'No',
    'No',
    'No',
    '',
    '',
    '15',
    '30',
    '4',
    '8',
    '2',
    '',
    '12',
    '12',
    '12',
    '0',
    'No',
    '30',
    '',
    '',
    '',
    '',
    '',
    '',
    '',
    '',
    '',
    '',
    '',
    '',
    '',
    '',
    '',
    '',
    '',
    '',
    '',
    '',
    '',
    '',
    '',
    '',
    '',
    '',
    '',
    '2026-06-10T10:28:25.743Z'
  ]
]
empRes.data.values: [
  [
    '6dgQYj',
    'Abhishek Rajput',
    '9555896724',
    '$2b$10$9cYKmsMaFLap9lC4D9PPvuQaRTwW50bC8wwoORxE0UBwTRtzmRS8e',
    'Boiler',
    '2025-12-22T04:04:28.469Z',
    '',
    '',
    '',
    '',
    '',
    '',
    '',
    '',
    '',
    '',
    '',
    '9:00',
    '19:00',
    '9',
    '60'
  ],
  [
    'ajay',
    'Ajay Yadav',
    '6354608636',
    '$2b$10$hrahPlEIjbQOcumX74WDxONksEqsMzyfW83NHxsOlRp3KgvkAXPSm',
    'Security',
    '2026-01-26T09:15:50.966Z',
    '',
    '',
    '',
    '',
    '',
    '',
    '',
    '',
    '',
    '',
    '',
    '9:00',
    '19:00',
    '9',
    '60'
  ],
  [
    'aman',
    'Aman Thakur',
    '6202929430',
    '$2b$10$zDo8Widap9ohECvP74raS.l6/KSiQrRWtLLPoKma0pBO4R0OWCOHi',
    'RM',
    '2025-12-22T10:47:02.595Z',
    '',
    '',
    '',
    '',
    '',
    '',
    '',
    '',
    '',
    '',
    '',
    '9:00',
    '19:00',
    '9',
    '60'
  ],
  [
    'amit',
    'Amit Dubey',
    '9608198167',
    '$2b$10$0OlO.Fv446g7pp/guwdwc.kt/WbTwbKeFtq/D8MHWfc6VT.uJxWJe',
    'Dispatch',
    '2026-04-27T10:54:45.721Z',
    '',
    '',
    '',
    '',
    '',
    '',
    '',
    '',
    '',
    '',
    '',
    '8:00',
    '20:00',
    '12',
    '60'
  ],
  [
    'ankit',
    "Ankit 's Driver",
    '7574934775',
    '$2b$10$T1nz8..F3hoQJ8UHJzez8engOVc3k6wJwWywPL2Qdpjm30yDHo0im',
    'Driver',
    '2025-12-22T04:18:32.668Z',
    '',
    '',
    '',
    '',
    '',
    '',
    '',
    '',
    '',
    '',
    '',
    '9:00',
    '19:00',
    '9',
    '60'
  ],
  [
    'K5-PcF',
    'Ankit Gupta',
    '7090117177',
    '$2b$10$kUqFK13EXxSIO9jT9hy9CuHddO2WQfjyf1nK8IywKMQR3WdNqHHK2',
    'RM',
    '2025-12-22T04:16:53.662Z',
    '',
    '',
    '',
    '',
    '',
    '',
    '',
    '',
    '',
    '',
    '',
    '8:00',
    '20:00',
    '12',
    '60'
  ],
  [
    'arun',
    'Arun Dubey',
    '9638283366',
    '$2b$10$ikF0c/qA2H4KvftwiEaa3.ISSv8MlsSZtdKNtroFMZQtqN0dm/Wum',
    'Dispatch',
    '2025-12-22T04:19:34.970Z',
    '',
    '',
    '',
    '',
    '',
    '',
    '',
    '',
    '',
    '',
    '',
    '8:00',
    '20:00',
    '12',
    '60'
  ],
  [
    'arvind',
    'Arvind Kumar',
    '9638160843',
    '$2b$10$et56r2nOPeABnylqVSvF8.vOUp1QO88mBESbUTu4hXqTrA41yLSti',
    'Maintenance ',
    '2026-01-05T14:27:14.861Z',
    '',
    '',
    '',
    '',
    '',
    '',
    '',
    '',
    '',
    '',
    '',
    '9:00',
    '19:00',
    '9',
    '60'
  ],
  [
    'babudhancivil',
    'Babudhan Civil - Work',
    '9241548041',
    '$2b$10$z.eNTwjwsUh7I5w71hxshulv5o1yZFrjIuTow3xUqr1RkC4arsaBq',
    'Civil - Work',
    '2026-07-28T05:44:53.659Z',
    '',
    '',
    '',
    '',
    '',
    'Y3U9a_',
    '',
    'Permanent',
    '',
    'Active',
    'Day',
    '9:00',
    '18:00',
    '9',
    '60',
    'Sunday',
    'No',
    '',
    '',
    'No',
    '',
    'No',
    '',
    '26',
    'No',
    'No',
    'No',
    '',
    '',
    '15',
    '30',
    '4',
    '8',
    '2',
    '',
    '12',
    '12',
    '12',
    '0',
    'No',
    '30',
    '',
    '',
    '',
    '',
    '',
    '',
    '',
    '',
    '',
    '',
    '',
    '',
    '',
    '',
    '',
    '',
    '',
    '',
    '',
    '',
    '',
    '',
    '',
    '',
    '',
    '',
    '',
    '2026-07-28T05:44:53.659Z'
  ],
  [
    '1CO1Nt',
    'Babudhan Paswan',
    '9241548041',
    '$2b$10$zm1eeUc5PtDUkYFufYazj.Dscmkk5USs0yrstbjsAk3n2SerVIFRi',
    'RM',
    '2025-12-22T04:22:46.773Z',
    '',
    '',
    '',
    '',
    '',
    '',
    '',
    '',
    '',
    '',
    '',
    '9:00',
    '19:00',
    '9',
    '60'
  ],
  [
    'Y3U9a_',
    'Bhakti Ram',
    '9725698230',
    '$2b$10$70Ki/KZT2hTypZznPAt4OeDHIxSu/qHVsieoxzgdZJxXdleLu5Z3C',
    'MDO',
    '2025-12-22T04:25:01.669Z',
    '',
    '',
    '',
    '',
    '',
    '',
    '',
    '',
    '',
    '',
    '',
    '9:00',
    '19:00',
    '9',
    '60'
  ],
  [
    'bhavik',
    'Bhavik Tailor',
    '9909551210',
    '$2b$10$flWIe7sO67dztPiSF1muR.GLvOaJO8ksaBM.LgUOms9bXjeSDadPC',
    'Accounts',
    '2025-12-22T04:26:46.474Z',
    '',
    '',
    '',
    '',
    '',
    '',
    '',
    '',
    '',
    '',
    '',
    '9:00',
    '19:00',
    '9',
    '60'
  ],
  [
    'binit',
    'Binit Maurya',
    '9911174926',
    '$2b$10$h3cj38.OYuSRsfsoaL1Cqe6EVEba6i4Sl8M903vp2eCRL6lrv36/i',
    'boiler',
    '2026-01-20T12:49:42.883Z',
    '',
    '',
    '',
    '',
    '',
    '',
    '',
    '',
    '',
    '',
    '',
    '9:00',
    '19:00',
    '9',
    '60'
  ],
  [
    'binita',
    'Binita Chauhan',
    '9316026122',
    '$2b$10$hMQwWEDmpyGYmHSRvDUaR.az4rDFoOgIrINf8VPN8Qdx9wy5E6Al2',
    'CRM',
    '2025-12-22T04:27:57.761Z',
    '',
    '',
    '',
    '',
    '',
    '',
    '',
    '',
    '',
    '',
    '',
    '9:30',
    '18:30',
    '8',
    '60'
  ],
  [
    'bobby',
    'Bobby Deval',
    '6353942601',
    '$2b$10$ByrOsAx/eMf0yG7zj0Oi9OCe3/usc1uEmpsTBd8h0GFKuxnzyFcC.',
    'Dispatch',
    '2025-12-22T04:31:03.466Z',
    '',
    '',
    '',
    '',
    '',
    '',
    '',
    '',
    '',
    '',
    '',
    '8:00',
    '20:00',
    '12',
    '60'
  ],
  [
    'chandani',
    'Chandani Rai',
    '9327436834',
    '$2b$10$MhL2Bm9f0wLd8JXm6zUUNOpbfGTivJ0m4OI676lLk5u5e1UWNPH8K',
    'SC',
    '2025-12-22T04:32:43.466Z',
    '',
    '',
    '',
    '',
    '',
    '',
    '',
    '',
    '',
    '',
    '',
    '9:30',
    '18:30',
    '8',
    '60'
  ],
  [
    'chintan',
    'Chintan Patel',
    '9638445090',
    '$2b$10$MXMXhXqTevRgLoiHJb7ueevb4J6ygsSIYhQFbvYgB6zdCUOmgAoy6',
    'Accounts',
    '2025-12-22T04:34:13.961Z',
    '',
    '',
    '',
    '',
    '',
    '',
    '',
    '',
    '',
    '',
    '',
    '9:00',
    '19:00',
    '9',
    '60'
  ],
  [
    'zKeT0-',
    'Chirag Unagar',
    '7572896435',
    '$2b$10$x5l5jOQ.hj13IELaMRIAKOluGqG0jYXRxOBcSJEenq61a3rcDHy7W',
    'Accounts',
    '2025-12-22T04:35:42.065Z',
    '',
    '',
    '',
    '',
    '',
    'Chirag Unagar',
    '',
    '',
    '',
    '',
    '',
    '9:00',
    '19:00',
    '9',
    '60'
  ],
  [
    'deepak',
    'Deepak Singh',
    '8084337326',
    '$2b$10$lCvM/.2eiNbNZRtPofX87.SBoXR3pdRcj4aEMJWmcrnSA80sX/jES',
    'RM',
    '2025-12-22T04:39:20.571Z',
    '',
    '',
    '',
    '',
    '',
    '',
    '',
    '',
    '',
    '',
    '',
    '9:00',
    '19:00',
    '9',
    '60'
  ],
  [
    'devyani',
    'Devyani Bhatt',
    '9687303092',
    '$2b$10$RqWq68jYVAQwLB2cdizmlO38ojbAGi9kT7V2Voft.cJ6JcWyOOdY2',
    'PC',
    '2025-12-19T04:41:50.341Z',
    '',
    '',
    '',
    '',
    '',
    '',
    '',
    '',
    '',
    '',
    '',
    '9:30',
    '18:30',
    '8',
    '60'
  ],
  [
    'govind',
    'Govind Vora',
    '7055375805',
    '$2b$10$TNbJzlZmhw1gkkDKVkhwR.YfEULh1J95wmRRiLRSGZeuKY7JD0wj2',
    'MIS',
    '2026-01-02T13:32:40.063Z',
    'Eminent Paper Industries llp',
    '08/07/1996',
    '02/09/2023',
    '',
    'MIS',
    'Govind Vora',
    '',
    '',
    '',
    '',
    '',
    '9:00',
    '19:00',
    '9',
    '60'
  ],
  [
    'hemant',
    'Hemant Tiwari',
    '9428292784',
    '$2b$10$PrmuGJxLQGDmpXn7QIUiTeyUA4IjROkY5HmHRgWsAAgeWOlxU0tOW',
    'Dispatch',
    '2025-12-22T04:41:04.670Z',
    '',
    '',
    '',
    '',
    '',
    '',
    '',
    '',
    '',
    '',
    '',
    '8:00',
    '20:00',
    '12',
    '60'
  ],
  [
    'sUA1C5',
    'Hiren Vekariya',
    '9601353472',
    '$2b$10$eHfXS2tge/nzLdjVE9lMd.zhOSyjK.Y.pyFGLAqvvAPR9MMYSREna',
    'Dispatch',
    '2025-12-22T04:42:54.174Z',
    '',
    '',
    '',
    '',
    '',
    '',
    '',
    '',
    '',
    '',
    '',
    '8:00',
    '20:00',
    '12',
    '60'
  ],
  [
    'V3oqaL',
    'Hitesh Rajput',
    '9662007369',
    '$2b$10$8t57M5UcjpQASJuqnWS5COnTDR1i0ndBAU/CgTzp0wzpdBwd5rlm2',
    'Accounts',
    '2025-12-22T04:44:39.277Z',
    '',
    '',
    '',
    '',
    '',
    '',
    '',
    '',
    '',
    '',
    '',
    '9:00',
    '19:00',
    '9',
    '60',
    '',
    '',
    '',
    '',
    '',
    '',
    '',
    '',
    '',
    '',
    '',
    '',
    '',
    '6'
  ],
  [
    'jayesh',
    'Jayesh Nagar',
    '9924990735',
    '$2b$10$hOEoO8jC/buSwutF39xbiO5hMAXrd5e3WebMqee8yI76H65AmNqey',
    'Maintenance ',
    '2025-12-22T04:51:28.861Z',
    '',
    '',
    '',
    '',
    '',
    '',
    '',
    '',
    '',
    '',
    '',
    '9:00',
    '19:00',
    '9',
    '60'
  ],
  [
    'kamini',
    'Kamini Patil',
    '9574841981',
    '$2b$10$hQEujWG2HGw8yUw4UWYuAOmbeAGiuXRBdynA4TLHO0gBlZTnVh.ni',
    'SALES MDO',
    '2026-08-10T09:14:14.277Z',
    '',
    '',
    '',
    '',
    '',
    '',
    'Female',
    'Permanent',
    '',
    'Active',
    'Day',
    '9:00',
    '18:00',
    '9',
    '60',
    'Sunday',
    'No',
    '',
    '',
    'No',
    '',
    'No',
    '',
    '26',
    'No',
    'No',
    'No',
    '',
    '',
    '15',
    '30',
    '4',
    '8',
    '2',
    '',
    '12',
    '12',
    '12',
    '0',
    'No',
    '30',
    '',
    '',
    '',
    '',
    '',
    '',
    '',
    '',
    '',
    '',
    '',
    '',
    '',
    '',
    '',
    '',
    '',
    '',
    '',
    '',
    '',
    '',
    '',
    '',
    '',
    '',
    '',
    '2026-08-10T09:14:14.277Z'
  ],
  [
    'khushi',
    'Khushi Gosai',
    '7859878612',
    '$2b$10$cyJKdeDBR/oN28PjrBHb7OXmf3sao/hAoT94d3WpxvUod6BTAEUZO',
    'Recruitment',
    '2026-01-29T10:24:02.918Z',
    '',
    '',
    '',
    '',
    '',
    '',
    '',
    '',
    '',
    '',
    '',
    '9:30',
    '18:30',
    '9',
    '60'
  ],
  [
    'kiran',
    'Kiran Kumar (Store)',
    '8052241041',
    '$2b$10$7YHF7XCqHse8v0UMV9IR3usXn75hoCsQwOTb70J33ArNvoVpURqZm',
    'Maintenance',
    '2026-04-28T05:25:55.029Z',
    '',
    '',
    '',
    '',
    '',
    '',
    '',
    '',
    '',
    '',
    '',
    '9:00',
    '19:00',
    '9',
    '60'
  ],
  [
    'kunal',
    'Kunal Chauhan',
    '9913388868',
    '$2b$10$lg3A9nBAPs4DXZUrlHsIb.Kcrcwtmxj21wmr0Nge3uFYTPuXTD9fq',
    'Utility',
    '2026-07-06T08:58:02.054Z',
    '',
    '',
    '',
    '',
    '',
    '',
    'Male',
    'Permanent',
    '',
    'Active',
    'Day',
    '9:00',
    '18:00',
    '9',
    '60',
    'Sunday',
    'No',
    '',
    '',
    'No',
    '',
    'No',
    '',
    '26',
    'No',
    'No',
    'No',
    '',
    '',
    '15',
    '30',
    '4',
    '8',
    '2',
    '',
    '12',
    '12',
    '12',
    '0',
    'No',
    '30',
    '',
    '',
    '',
    '',
    '',
    '',
    '',
    '',
    '',
    '',
    '',
    '',
    '',
    '',
    '',
    '',
    '',
    '',
    '',
    '',
    '',
    '',
    '',
    '',
    '',
    '',
    '',
    '2026-07-06T08:58:02.055Z'
  ],
  [
    'kundan',
    'Kundan Thakur',
    '7491005250',
    '$2b$10$s21VWKT4yp0SMaKYFbbc0u0P9ySKW0LOSFQmfdWGnpAbsTWvhFr5.',
    'Maintenance',
    '2025-12-22T11:20:40.937Z',
    '',
    '',
    '',
    '',
    '',
    '',
    '',
    '',
    '',
    '',
    '',
    '9:00',
    '19:00',
    '9',
    '60'
  ],
  [
    'maitri',
    'Maitri Patel',
    '9327422120',
    '$2b$10$sUjR9Pr7D40M26VDnn7pe.p15TUcydpS.IZcoawbWOheG/M3TvPzy',
    'HR',
    '2025-12-22T11:23:15.455Z',
    '',
    '',
    '',
    '',
    '',
    '',
    '',
    '',
    '',
    '',
    '',
    '9:30',
    '18:30',
    '8',
    '60'
  ],
  [
    'sami323',
    'Mohammad Sami ',
    '7372890117',
    '$2b$10$LztTh/86KzutI4BKBXjMheqTRCI4TzCPieq1cPAeLWp6Dai4AZnaa',
    'MIS',
    '2025-12-19T04:36:54.041Z',
    'Eminent Paper Industry',
    '12/12/2000',
    '08/01/2025',
    'https://res.cloudinary.com/dbchjxw68/image/upload/v1780239978/help_tickets/epqmc2v7pkr9frwa6buc.jpg',
    'Content Creator .',
    'Mohammad Sami ',
    '',
    '',
    '',
    '',
    '',
    '9:00',
    '19:00',
    '9',
    '60'
  ],
  [
    'zNkNDC',
    'Mohit Kumar',
    '9548708847',
    '$2b$10$D0WH3OMp5XRRJ9GD4wJEbuw0rnC8mT7tVK5dVrOFttsA5XLGT6PHC',
    'Electrical',
    '2025-12-22T04:57:04.864Z',
    '',
    '',
    '',
    '',
    '',
    '',
    '',
    '',
    '',
    '',
    '',
    '9:00',
    '19:00',
    '9',
    '60'
  ],
  [
    'muskan',
    'Muskan Khan',
    '9973920282',
    '$2b$10$U0qg.9ljUruyPZPcBhIAn.Flw72ZEJynpl9ITRoSC75p57GyCz0by',
    'SALES MDO',
    '2026-08-17T11:38:42.032Z',
    '',
    '',
    '',
    '',
    '',
    '',
    'Female',
    'Permanent',
    '',
    'Active',
    'Day',
    '9:00',
    '18:00',
    '9',
    '60',
    'Sunday',
    'No',
    '',
    '',
    'No',
    '',
    'No',
    '',
    '26',
    'No',
    'No',
    'No',
    '',
    '',
    '15',
    '30',
    '4',
    '8',
    '2',
    '',
    '12',
    '12',
    '12',
    '0',
    'No',
    '30',
    '',
    '',
    '',
    '',
    '',
    '',
    '',
    '',
    '',
    '',
    '',
    '',
    '',
    '',
    '',
    '',
    '',
    '',
    '',
    '',
    '',
    '',
    '',
    '',
    '',
    '',
    '',
    '2026-08-17T11:38:42.033Z'
  ],
  [
    'omprakash',
    'Omprakash',
    '8081054181',
    '$2b$10$fdUrMrrkFxERSDxBYfLfTOeuKziujX9VPkAV85KnN0IYMBwTawBHy',
    'Dispatch',
    '2025-12-22T05:03:07.569Z',
    '',
    '',
    '',
    '',
    '',
    '',
    '',
    '',
    '',
    '',
    '',
    '8:00',
    '20:00',
    '12',
    '60'
  ],
  [
    'paint',
    'Paint - Work',
    '9241548041',
    '$2b$10$Q8a9DVFJTY5npPyAEYRI8O2zbOo8PZiZAXPNaHg/0PiQWudZuzTEm',
    'Paint - Work',
    '2026-07-28T05:47:03.070Z',
    '',
    '',
    '',
    '',
    '',
    'Y3U9a_',
    '',
    'Permanent',
    '',
    'Active',
    'Day',
    '9:00',
    '18:00',
    '9',
    '60',
    'Sunday',
    'No',
    '',
    '',
    'No',
    '',
    'No',
    '',
    '26',
    'No',
    'No',
    'No',
    '',
    '',
    '15',
    '30',
    '4',
    '8',
    '2',
    '',
    '12',
    '12',
    '12',
    '0',
    'No',
    '30',
    '',
    '',
    '',
    '',
    '',
    '',
    '',
    '',
    '',
    '',
    '',
    '',
    '',
    '',
    '',
    '',
    '',
    '',
    '',
    '',
    '',
    '',
    '',
    '',
    '',
    '',
    '',
    '2026-07-28T05:47:03.070Z'
  ],
  [
    'um8mkb',
    'Pankaj (RO1)',
    '9140445217',
    '$2b$10$.JyEx.5UiWa7f2KCQNUe5O2KVl2D/4DLLqF0a3KcdH7gVQxjvr3w2',
    'ro',
    '2025-12-22T11:29:18.021Z',
    '',
    '',
    '',
    '',
    '',
    '',
    '',
    '',
    '',
    '',
    '',
    '9:00',
    '19:00',
    '9',
    '60'
  ],
  [
    'patra',
    'Patra - Work',
    '9241548041',
    '$2b$10$F0qvlQueEVXqwWg4ShM97ezYIOO67ruH3pJwhDwduU0hXDrbiM8Rq',
    'Patra',
    '2026-07-31T11:22:27.659Z',
    '',
    '',
    '',
    '',
    '',
    'patra',
    '',
    'Permanent',
    '',
    'Active',
    'Day',
    '9:00',
    '18:00',
    '9',
    '60',
    'Sunday',
    'No',
    '',
    '',
    'No',
    '',
    'No',
    '',
    '26',
    'No',
    'No',
    'No',
    '',
    '',
    '15',
    '30',
    '4',
    '8',
    '2',
    '',
    '12',
    '12',
    '12',
    '0',
    'No',
    '30',
    '',
    '',
    '',
    '',
    '',
    '',
    '',
    '',
    '',
    '',
    '',
    '',
    '',
    '',
    '',
    '',
    '',
    '',
    '',
    '',
    '',
    '',
    '',
    '',
    '',
    '',
    '',
    '2026-07-31T11:22:27.659Z'
  ],
  [
    'pawan',
    'Pawan Pandey (Ro2)',
    '9793295713',
    '$2b$10$J7GbHDfz05pDDn.WYlvANuDcDXhu0Ec.VDkeA2hTUGQkJJRZ3Qz2G',
    'RO',
    '2026-08-22T06:12:41.226Z',
    '',
    '',
    '',
    '',
    '',
    'pawan',
    'Male',
    'Permanent',
    '',
    'Active',
    'Day',
    '9:00',
    '18:00',
    '9',
    '60',
    'Sunday',
    'No',
    '',
    '',
    'No',
    '',
    'No',
    '',
    '26',
    'No',
    'No',
    'No',
    '',
    '',
    '15',
    '30',
    '4',
    '8',
    '2',
    '',
    '12',
    '12',
    '12',
    '0',
    'No',
    '30',
    '',
    '',
    '',
    '',
    '',
    '',
    '',
    '',
    '',
    '',
    '',
    '',
    '',
    '',
    '',
    '',
    '',
    '',
    '',
    '',
    '',
    '',
    '',
    '',
    '',
    '',
    '',
    '2026-08-22T06:12:41.226Z'
  ],
  [
    '3ylRZ5',
    'Pratik Zalavadiya',
    '9638471480',
    '$2b$10$pJjvjBJ1tDA8m32juKwrcefGEk3UgL.wqOYFk1CBz11.AhV2RCNgW',
    'Purchase',
    '2025-12-22T05:16:54.071Z',
    '',
    '',
    '',
    '',
    '',
    '',
    '',
    '',
    '',
    '',
    '',
    '9:00',
    '19:00',
    '9',
    '60'
  ],
  [
    'reddy',
    'Project',
    '7990820778',
    '$2b$10$8utTN4ovfzrGWcAQ6BrJQ.jRhG2mW1ySBklvkLeijpYNTxJZWodtO',
    'Maintenance',
    '2026-03-07T08:29:32.064Z',
    '',
    '',
    '',
    '',
    '',
    '',
    '',
    '',
    '',
    '',
    '',
    '9:00',
    '19:00',
    '9',
    '60'
  ],
  [
    'projectpdf',
    'PROJECT -PDF',
    '9586883694',
    '$2b$10$a2zmSse8D1QLBCVK9b.0oOqnzcE27xffo.xRWePULjRr/4DQvfd3G',
    'PROJECT',
    '2026-05-12T04:10:02.800Z',
    '',
    '',
    '',
    '',
    '',
    '',
    '',
    '',
    '',
    '',
    '',
    '9:00',
    '19:00',
    '9',
    '60'
  ],
  [
    'pulpmill',
    'PROJECT- PULP MILL',
    '9586883694',
    '$2b$10$l6IAWT2mjV66k9YanIQjhuTSligu2nIrQ7KdBuEo9nU9iPfZGijlm',
    'PROJECT',
    '2026-05-12T04:43:58.892Z',
    '',
    '',
    '',
    '',
    '',
    '',
    '',
    '',
    '',
    '',
    '',
    '9:00',
    '19:00',
    '9',
    '60'
  ],
  [
    'acce',
    'PROJECT-ACCESSORIES',
    '9586883694',
    '$2b$10$zbkpenepGTHHwK94P/ZEKOQuiuAM2Tpisf82EU/OeyeIGzLSmhGli',
    'PROJECT',
    '2026-05-12T09:17:21.392Z',
    '',
    '',
    '',
    '',
    '',
    '',
    '',
    '',
    '',
    '',
    '',
    '9:00',
    '19:00',
    '9',
    '60'
  ],
  [
    'boiler',
    'PROJECT-BOILER',
    '9586883694',
    '$2b$10$krBzTTO54rp4th2Hmzy3cOE0d27ZC4iTXKFceju9MiYA/QOaTKXSS',
    'PROJECT',
    '2026-05-12T09:12:54.193Z',
    '',
    '',
    '',
    '',
    '',
    '',
    '',
    '',
    '',
    '',
    '',
    '9:00',
    '19:00',
    '9',
    '60'
  ],
  [
    'civil',
    'PROJECT-CIVIL',
    '9586883694',
    '$2b$10$n7IzZ8iPjtjK/ZTUuBpkuu/r3Q7rIfbqaBhsCxUsZS89mGmjcZDVC',
    'PROJECT',
    '2026-05-12T09:09:18.793Z',
    '',
    '',
    '',
    '',
    '',
    '',
    '',
    '',
    '',
    '',
    '',
    '9:00',
    '19:00',
    '9',
    '60'
  ],
  [
    'etp',
    'PROJECT-ETP',
    '9586883694',
    '$2b$10$A0kHW3TI5ZsLOEjQcCozP.Z7MxoBvMFtDxdd62.MP1n1yaI8xnpKi',
    'PROJECT',
    '2026-05-12T09:15:18.486Z',
    '',
    '',
    '',
    '',
    '',
    '',
    '',
    '',
    '',
    '',
    '',
    '9:00',
    '19:00',
    '9',
    '60'
  ],
  [
    'machine',
    'PROJECT-MACHINE ',
    '9586883694',
    '$2b$10$U19H6mRCfRg3WlP33uWBEOX1khFMZ3HpqLPW8HpHTDqfKXq4cJqEi',
    'PROJECT',
    '2026-05-12T09:04:42.691Z',
    '',
    '',
    '',
    '',
    '',
    '',
    '',
    '',
    '',
    '',
    '',
    '9:00',
    '19:00',
    '9',
    '60'
  ],
  [
    'GW67ih',
    'Rajdeep Rana',
    '7069338663',
    '$2b$10$KGbdLkZeYMEt9eUUkYWRcOe8iKiVqV67Chr2uJMg38G4GYq6NqPai',
    'Accounts',
    '2025-12-22T05:20:48.064Z',
    '',
    '',
    '',
    '',
    '',
    '',
    '',
    '',
    '',
    '',
    '',
    '9:00',
    '19:00',
    '9',
    '60'
  ],
  [
    'rakhi',
    'Rakhi Dohare',
    '9978710262',
    '$2b$10$yVLitNDxCk/QzvbHa1jTxuA16TaMPKaFCM7TU1AEsuAB8785CfcSi',
    'CRM',
    '2026-03-17T08:00:58.133Z',
    '',
    '',
    '',
    '',
    '',
    '',
    '',
    '',
    '',
    '',
    '',
    '9:30',
    '18:30',
    '9',
    '60'
  ],
  [
    'ravikant',
    'Ravikant Rajput',
    '9005739259',
    '$2b$10$8tmpWhNbCen0Eji3ffbNdevoyCFZBKifGV6Y2oEKI/XO41XE10/uy',
    'Instrument',
    '2025-12-22T05:23:21.464Z',
    '',
    '',
    '',
    '',
    '',
    '',
    '',
    '',
    '',
    '',
    '',
    '9:00',
    '19:00',
    '9',
    '60'
  ],
  [
    'lA1Xyq',
    'Ritesh Agarwal',
    '9825120883',
    '$2b$10$k2GuIDMT7rnyp2veVThXXuJiA6euUNgRHWt/rt25NxEo3RrqSfYR6',
    'MD',
    '2025-12-22T05:24:49.166Z',
    '',
    '',
    '',
    '',
    '',
    '',
    '',
    '',
    '',
    '',
    '',
    '9:00',
    '19:00',
    '9',
    '60'
  ],
  [
    'ritesh',
    'Ritesh Chauhan',
    '9714888290',
    '$2b$10$esIY.f0k2J7ga/XxRbXG0O7Jf23E/sjQ.IkMyP//qp9LEhgFCIA.q',
    'Utility eng',
    '2026-04-06T07:50:12.312Z',
    '',
    '',
    '',
    '',
    '',
    '',
    '',
    '',
    '',
    '',
    '',
    '9:00',
    '19:00',
    '9',
    '60'
  ],
  [
    'rupesh',
    'Rupesh Tiwari',
    '7859861526',
    '$2b$10$zx0akoILqbsJLQC2Z75f/ezJ8xF04eVr4GzPYIupJ7Ai/Dx82wYey',
    'MDO',
    '2026-02-20T05:03:52.202Z',
    '',
    '',
    '',
    '',
    '',
    '',
    '',
    '',
    '',
    '',
    '',
    '9:00',
    '19:00',
    '9',
    '60'
  ],
  [
    'sagarkamal',
    'Sagar Kamal',
    '8932040029',
    '$2b$10$Ma.SKbxfpZmw/Of4gyQ7l.J.TC9XXi9pWJcouhqG9rT4aj11TTz86',
    'store',
    '2026-05-05T05:48:33.430Z',
    'EMINENT PAPER INDUSTRIES LLP',
    '12/04/2002',
    '01/05/2026',
    '',
    'STORE KEEPER ',
    'Sagar Kamal',
    '',
    '',
    '',
    '',
    '',
    '9:00',
    '19:00',
    '9',
    '60'
  ],
  [
    'sagar',
    'Sagar Kumar',
    '7984122746',
    '$2b$10$U7wRXKHSRzemHqplACMKj.GzA0lvjSWdV1sPGatuomcnqx6UugkbO',
    'RM',
    '2025-12-22T05:27:38.864Z',
    '',
    '',
    '',
    '',
    '',
    '',
    '',
    '',
    '',
    '',
    '',
    '8:00',
    '20:00',
    '12',
    '60'
  ],
  [
    'hrQOjO',
    'Sandeep Chaudhary',
    '7359506916',
    '$2b$10$/8j7mo27eRv1hQYXQoCT5.913nQjJvFe6w0VHAF.zu9Q6wzZ8QH5W',
    'Import-Export',
    '2025-12-22T05:36:35.765Z',
    '',
    '',
    '',
    '',
    '',
    '',
    '',
    '',
    '',
    '',
    '',
    '9:00',
    '19:00',
    '9',
    '60'
  ],
  [
    'sanjay s',
    'Sanjay  Sahani',
    '7755034534',
    '$2b$10$J64OS.XFTidW9OliW91I3ehqmN03SQCX5AtP9TxheRmC.aNYlQZDW',
    'Project implementer',
    '2026-06-15T09:10:29.010Z',
    '',
    '',
    '',
    '',
    '',
    '',
    'Male',
    'Permanent',
    '',
    'Active',
    'Day',
    '9:00',
    '18:00',
    '9',
    '60',
    'Sunday',
    'No',
    '',
    '',
    'No',
    '',
    'No',
    '',
    '26',
    'No',
    'No',
    'No',
    '',
    '',
    '15',
    '30',
    '4',
    '8',
    '2',
    '',
    '12',
    '12',
    '12',
    '0',
    'No',
    '30',
    '',
    '',
    '',
    '',
    '',
    '',
    '',
    '',
    '',
    '',
    '',
    '',
    '',
    '',
    '',
    '',
    '',
    '',
    '',
    '',
    '',
    '',
    '',
    '',
    '',
    '',
    '',
    '2026-06-15T09:10:29.011Z'
  ],
  [
    'sanjay',
    'Sanjay Bhargav',
    '8306729316',
    '$2b$10$joTon8iJ.CZNbLLaoUlqZeP.3AVM1dVF88YU/iQlVwyz4w1w42moi',
    'Account',
    '2026-03-18T09:31:43.327Z',
    '',
    '',
    '',
    '',
    '',
    '',
    '',
    '',
    '',
    '',
    '',
    '9:00',
    '19:00',
    '9',
    '60'
  ],
  [
    'sanjeet',
    'Sanjeet Kumar',
    '7061302892',
    '$2b$10$rEJmlwAt0jYoaT8NmhjJUe36eihurX2YrWUVrSBMv8CihF17TmzT.',
    'Dispatch',
    '2026-06-01T12:45:17.513Z',
    '',
    '',
    '',
    '',
    '',
    'Y3U9a_',
    'Male',
    'Permanent',
    '',
    'Active',
    'Day',
    '8:00',
    '20:00',
    '12',
    '60',
    'Sunday',
    'No',
    '',
    '',
    'No',
    '',
    'No',
    '',
    '26',
    'No',
    'No',
    'No',
    '',
    '',
    '15',
    '30',
    '4',
    '8',
    '2',
    '',
    '12',
    '12',
    '12',
    '0',
    'No',
    '30',
    '',
    '',
    '',
    '',
    '',
    '',
    '',
    '',
    '',
    '',
    '',
    '',
    '',
    '',
    '',
    '',
    '',
    '',
    '',
    '',
    '',
    '',
    '',
    '',
    '',
    '',
    '',
    '2026-06-01T12:45:17.520Z'
  ],
  [
    '0AhADn',
    'Sannu Prasad',
    '8354055234',
    '$2b$10$ODeqkBhqhi.WgDLNvhXMT.gYfds6NGDjPTlols8oIe23RqMesvY72',
    'Dispatch',
    '2025-12-22T05:57:31.270Z',
    '',
    '',
    '',
    '',
    '',
    '',
    '',
    '',
    '',
    '',
    '',
    '8:00',
    '20:00',
    '12',
    '60'
  ],
  [
    'aZfqqV',
    'Santosh Yadav',
    '7985418042',
    '$2b$10$/nM0P1efVv64f3.RCGKN4u8o.g7yTSqoWmiokR9v9LjP3OmvqfAY6',
    'Dispatch',
    '2025-12-22T05:58:45.674Z',
    '',
    '',
    '',
    '',
    '',
    '',
    '',
    '',
    '',
    '',
    '',
    '8:00',
    '20:00',
    '12',
    '60'
  ],
  [
    'sapna',
    'Sapna Raval',
    '9327151267',
    '$2b$10$NrX2lEXgz12fKndiB6JRoeMfYbiTg6.EZCwd4.p0z4Pf4BxKquwPK',
    'MDO',
    '2025-12-22T09:51:27.281Z',
    '',
    '',
    '',
    '',
    '',
    '',
    '',
    '',
    '',
    '',
    '',
    '9:30',
    '18:30',
    '9',
    '60'
  ],
  [
    'pandey',
    'Satish Pandey',
    '8511268900',
    '$2b$10$rXoeRg4UVBauUU7y6iiA2O0uEG2OTg8mlSzCUPFraeICZkSitVtaO',
    'Accounts',
    '2025-12-22T10:09:26.081Z',
    '',
    '',
    '',
    '',
    '',
    '',
    '',
    '',
    '',
    '',
    '',
    '9:00',
    '19:00',
    '9',
    '60',
    '',
    '',
    '',
    '',
    '',
    '',
    '',
    '',
    '',
    '',
    '',
    '',
    '',
    '8'
  ],
  [
    'saurabh',
    'Saurabh Parauha',
    '7691958455',
    '$2b$10$emhtjENJyE2ITYNyXAG5o.uE72gKDIHQnZfFaGJ07wCv6B1ugsPyu',
    'UTILITY',
    '2026-07-08T05:08:01.391Z',
    '',
    '',
    '',
    '',
    '',
    '',
    'Male',
    'Permanent',
    '',
    'Active',
    'Day',
    '9:00',
    '18:00',
    '9',
    '60',
    'Sunday',
    'No',
    '',
    '',
    'No',
    '',
    'No',
    '',
    '26',
    'No',
    'No',
    'No',
    '',
    '',
    '15',
    '30',
    '4',
    '8',
    '2',
    '',
    '12',
    '12',
    '12',
    '0',
    'No',
    '30',
    '',
    '',
    '',
    '',
    '',
    '',
    '',
    '',
    '',
    '',
    '',
    '',
    '',
    '',
    '',
    '',
    '',
    '',
    '',
    '',
    '',
    '',
    '',
    '',
    '',
    '',
    '',
    '2026-07-08T05:08:01.391Z'
  ],
  [
    'L5Wg88',
    'Shivam Tiwari',
    '8630207229',
    '$2b$10$XTCCSVyT1wpbN2yfeMVmA.cK0/2gNXU8cjMBNkSRc4WacxehGNYUW',
    'Dispatch',
    '2025-12-22T10:11:18.756Z',
    '',
    '',
    '',
    '',
    '',
    '',
    '',
    '',
    '',
    '',
    '',
    '8:00',
    '20:00',
    '12',
    '60'
  ],
  [
    'shivang',
    'Shivang Patel',
    '9106710143',
    '$2b$10$pJc79xTGi.4UHM63XcPhdOA9CmgJ/1vZPfb3apvW92Q1CwJBJKiDe',
    'CIVIL',
    '2026-08-15T08:48:41.515Z',
    '',
    '',
    '',
    '',
    '',
    '',
    'Male',
    'Permanent',
    '',
    'Active',
    'Day',
    '9:00',
    '18:00',
    '9',
    '60',
    'Sunday',
    'No',
    '',
    '',
    'No',
    '',
    'No',
    '',
    '26',
    'No',
    'No',
    'No',
    '',
    '',
    '15',
    '30',
    '4',
    '8',
    '2',
    '',
    '12',
    '12',
    '12',
    '0',
    'No',
    '30',
    '',
    '',
    '',
    '',
    '',
    '',
    '',
    '',
    '',
    '',
    '',
    '',
    '',
    '',
    '',
    '',
    '',
    '',
    '',
    '',
    '',
    '',
    '',
    '',
    '',
    '',
    '',
    '2026-08-15T08:48:41.515Z'
  ],
  [
    'simnan',
    'Simnan Ansari',
    '9427844993',
    '$2b$10$YLpuVu/LyPtK8sANYeSDjeColfBTd5ICdrIONPKJr4qghU8Xm15/K',
    'Import-Export',
    '2025-12-22T10:13:47.729Z',
    '',
    '',
    '',
    '',
    '',
    '',
    '',
    '',
    '',
    '',
    '',
    '9:00',
    '19:00',
    '9',
    '60'
  ],
  [
    'sintu',
    'Sintu',
    '8789071633',
    '$2b$10$KFUfThwGoWlJK0m8NCd4euKanCZxzW7r11cVrHWnZ3oVtdtpMnNJ2',
    'RM',
    '2025-12-22T10:17:37.998Z',
    '',
    '',
    '',
    '',
    '',
    '',
    '',
    '',
    '',
    '',
    '',
    '8:00',
    '20:00',
    '12',
    '60'
  ],
  [
    'HSECp6',
    'Sonu Gujjar',
    '8827680284',
    '$2b$10$yRprwpe4xC93rcHZdnLx2Oc4p322mOhWbiWe2ljNYy5mPnrvrAkL.',
    'Electrical Head',
    '2025-12-22T10:21:08.530Z',
    '',
    '',
    '',
    '',
    '',
    '',
    '',
    '',
    '',
    '',
    '',
    '9:00',
    '19:00',
    '9',
    '60'
  ],
  [
    'sumit',
    'Sumit Prajapati',
    '8127374506',
    '$2b$10$6tbEvhIZX04Hy6ek.Bn84uLOv0Htc2w5rreZ5VFd5us.IfQILO3ra',
    'Utility eng',
    '2025-12-22T10:23:24.671Z',
    '',
    '',
    '',
    '',
    '',
    '',
    '',
    '',
    '',
    '',
    '',
    '9:00',
    '19:00',
    '9',
    '60'
  ],
  [
    'sunil',
    'Sunil Rajput',
    '9687993396',
    '$2b$10$KFHQ.v/Sq41Drz2p8EomwO2JV4TtwlNWXiEqwR6FHPN2mGYGHZ3/a',
    'Maintenance',
    '2025-12-22T10:29:16.610Z',
    '',
    '',
    '',
    '',
    '',
    '',
    '',
    '',
    '',
    '',
    '',
    '9:00',
    '19:00',
    '9',
    '60'
  ],
  [
    'suraj',
    'Suraj Bind',
    '9535023980',
    '$2b$10$foT3CMHkT6nsyqiJObSIb./vnihwGR6YYfBwdcaUAgHGpdurRdR0u',
    'production',
    '2026-06-13T06:56:40.126Z',
    '',
    '',
    '',
    '',
    '',
    '',
    'Male',
    'Permanent',
    '',
    'Active',
    'Day',
    '9:00',
    '18:00',
    '9',
    '60',
    'Sunday',
    'No',
    '',
    '',
    'No',
    '',
    'No',
    '',
    '26',
    'No',
    'No',
    'No',
    '',
    '',
    '15',
    '30',
    '4',
    '8',
    '2',
    '',
    '12',
    '12',
    '12',
    '0',
    'No',
    '30',
    '',
    '',
    '',
    '',
    '',
    '',
    '',
    '',
    '',
    '',
    '',
    '',
    '',
    '',
    '',
    '',
    '',
    '',
    '',
    '',
    '',
    '',
    '',
    '',
    '',
    '',
    '',
    '2026-06-13T06:56:40.127Z'
  ],
  [
    'tushar',
    'Tushar Solanki',
    '7698425693',
    '$2b$10$iikK9ufipN46iNsyxCd7g.MF/Bztte0KDIKV94YyWmJqH.GZotaZ6',
    'MDO',
    '2026-02-19T10:54:06.159Z',
    '',
    '',
    '',
    '',
    '',
    '',
    '',
    '',
    '',
    '',
    '',
    '9:00',
    '19:00',
    '9',
    '60'
  ],
  [
    'umesh',
    'Umesh Patil',
    '9307040526',
    '$2b$10$QlAScKizT/G0DLGogkl1I.4IePb30VNtv5T9ql.JKAM212R4jewqa',
    'MIS',
    '2026-04-06T11:36:40.901Z',
    '',
    '',
    '',
    '',
    '',
    '',
    '',
    '',
    '',
    '',
    '',
    '9:00',
    '19:00',
    '9',
    '60'
  ],
  [
    'vaidehi',
    'Vaidehi Nakum',
    '9081331156',
    '$2b$10$u49JgqkU0mTKuIK8zkcAju6WVOggK/c4hwG/zbSvlJjoTN1Tr6dcW',
    'SALES MDO',
    '2026-08-15T07:04:57.217Z',
    '',
    '',
    '',
    '',
    '',
    '',
    'Female',
    'Permanent',
    '',
    'Active',
    'Day',
    '9:00',
    '18:00',
    '9',
    '60',
    'Sunday',
    'No',
    '',
    '',
    'No',
    '',
    'No',
    '',
    '26',
    'No',
    'No',
    'No',
    '',
    '',
    '15',
    '30',
    '4',
    '8',
    '2',
    '',
    '12',
    '12',
    '12',
    '0',
    'No',
    '30',
    '',
    '',
    '',
    '',
    '',
    '',
    '',
    '',
    '',
    '',
    '',
    '',
    '',
    '',
    '',
    '',
    '',
    '',
    '',
    '',
    '',
    '',
    '',
    '',
    '',
    '',
    '',
    '2026-08-15T07:04:57.217Z'
  ],
  [
    'vishal',
    'Vishal Surani',
    '7405579122',
    '$2b$10$sgqeoZbH58iToUS2C0d3bOuMXPFsaLIO4t5A2ALE1g/tzUrifiziu',
    'Account',
    '2026-02-11T06:43:56.715Z',
    '',
    '',
    '',
    '',
    '',
    '',
    '',
    '',
    '',
    '',
    '',
    '9:00',
    '19:00',
    '9',
    '60'
  ],
  [
    'vishwas',
    'Vishwash Gupta ',
    '8469591606',
    '$2b$10$8XbXWMAbd0JBPwjGeAUiSeEzyBkofN9pjXmsVm79mETtiPkvMrkOu',
    'pulp',
    '2026-08-04T06:43:17.460Z',
    '',
    '',
    '',
    '',
    '',
    '',
    'Male',
    'Permanent',
    '',
    'Active',
    'Day',
    '9:00',
    '18:00',
    '9',
    '60',
    'Sunday',
    'No',
    '',
    '',
    'No',
    '',
    'No',
    '',
    '26',
    'No',
    'No',
    'No',
    '',
    '',
    '15',
    '30',
    '4',
    '8',
    '2',
    '',
    '12',
    '12',
    '12',
    '0',
    'No',
    '30',
    '',
    '',
    '',
    '',
    '',
    '',
    '',
    '',
    '',
    '',
    '',
    '',
    '',
    '',
    '',
    '',
    '',
    '',
    '',
    '',
    '',
    '',
    '',
    '',
    '',
    '',
    '',
    '2026-08-04T06:43:17.461Z'
  ],
  [
    'yash',
    'Yash Prajapti',
    '9328563115',
    '$2b$10$CWa4oWU3TjMcNgLFvTa0WuIMoRr3kC9PTSrDPbVZBpQF5QcYX4vy6',
    'SALES MDO',
    '2026-06-10T10:28:25.742Z',
    '',
    '',
    '',
    '',
    '',
    '',
    'Male',
    'Permanent',
    '',
    'Active',
    'Day',
    '9:00',
    '18:00',
    '9',
    '60',
    'Sunday',
    'No',
    '',
    '',
    'No',
    '',
    'No',
    '',
    '26',
    'No',
    'No',
    'No',
    '',
    '',
    '15',
    '30',
    '4',
    '8',
    '2',
    '',
    '12',
    '12',
    '12',
    '0',
    'No',
    '30',
    '',
    '',
    '',
    '',
    '',
    '',
    '',
    '',
    '',
    '',
    '',
    '',
    '',
    '',
    '',
    '',
    '',
    '',
    '',
    '',
    '',
    '',
    '',
    '',
    '',
    '',
    '',
    '2026-06-10T10:28:25.743Z'
  ]
]
empRes.data.values: [
  [
    '6dgQYj',
    'Abhishek Rajput',
    '9555896724',
    '$2b$10$9cYKmsMaFLap9lC4D9PPvuQaRTwW50bC8wwoORxE0UBwTRtzmRS8e',
    'Boiler',
    '2025-12-22T04:04:28.469Z',
    '',
    '',
    '',
    '',
    '',
    '',
    '',
    '',
    '',
    '',
    '',
    '9:00',
    '19:00',
    '9',
    '60'
  ],
  [
    'ajay',
    'Ajay Yadav',
    '6354608636',
    '$2b$10$hrahPlEIjbQOcumX74WDxONksEqsMzyfW83NHxsOlRp3KgvkAXPSm',
    'Security',
    '2026-01-26T09:15:50.966Z',
    '',
    '',
    '',
    '',
    '',
    '',
    '',
    '',
    '',
    '',
    '',
    '9:00',
    '19:00',
    '9',
    '60'
  ],
  [
    'aman',
    'Aman Thakur',
    '6202929430',
    '$2b$10$zDo8Widap9ohECvP74raS.l6/KSiQrRWtLLPoKma0pBO4R0OWCOHi',
    'RM',
    '2025-12-22T10:47:02.595Z',
    '',
    '',
    '',
    '',
    '',
    '',
    '',
    '',
    '',
    '',
    '',
    '9:00',
    '19:00',
    '9',
    '60'
  ],
  [
    'amit',
    'Amit Dubey',
    '9608198167',
    '$2b$10$0OlO.Fv446g7pp/guwdwc.kt/WbTwbKeFtq/D8MHWfc6VT.uJxWJe',
    'Dispatch',
    '2026-04-27T10:54:45.721Z',
    '',
    '',
    '',
    '',
    '',
    '',
    '',
    '',
    '',
    '',
    '',
    '8:00',
    '20:00',
    '12',
    '60'
  ],
  [
    'ankit',
    "Ankit 's Driver",
    '7574934775',
    '$2b$10$T1nz8..F3hoQJ8UHJzez8engOVc3k6wJwWywPL2Qdpjm30yDHo0im',
    'Driver',
    '2025-12-22T04:18:32.668Z',
    '',
    '',
    '',
    '',
    '',
    '',
    '',
    '',
    '',
    '',
    '',
    '9:00',
    '19:00',
    '9',
    '60'
  ],
  [
    'K5-PcF',
    'Ankit Gupta',
    '7090117177',
    '$2b$10$kUqFK13EXxSIO9jT9hy9CuHddO2WQfjyf1nK8IywKMQR3WdNqHHK2',
    'RM',
    '2025-12-22T04:16:53.662Z',
    '',
    '',
    '',
    '',
    '',
    '',
    '',
    '',
    '',
    '',
    '',
    '8:00',
    '20:00',
    '12',
    '60'
  ],
  [
    'arun',
    'Arun Dubey',
    '9638283366',
    '$2b$10$ikF0c/qA2H4KvftwiEaa3.ISSv8MlsSZtdKNtroFMZQtqN0dm/Wum',
    'Dispatch',
    '2025-12-22T04:19:34.970Z',
    '',
    '',
    '',
    '',
    '',
    '',
    '',
    '',
    '',
    '',
    '',
    '8:00',
    '20:00',
    '12',
    '60'
  ],
  [
    'arvind',
    'Arvind Kumar',
    '9638160843',
    '$2b$10$et56r2nOPeABnylqVSvF8.vOUp1QO88mBESbUTu4hXqTrA41yLSti',
    'Maintenance ',
    '2026-01-05T14:27:14.861Z',
    '',
    '',
    '',
    '',
    '',
    '',
    '',
    '',
    '',
    '',
    '',
    '9:00',
    '19:00',
    '9',
    '60'
  ],
  [
    'babudhancivil',
    'Babudhan Civil - Work',
    '9241548041',
    '$2b$10$z.eNTwjwsUh7I5w71hxshulv5o1yZFrjIuTow3xUqr1RkC4arsaBq',
    'Civil - Work',
    '2026-07-28T05:44:53.659Z',
    '',
    '',
    '',
    '',
    '',
    'Y3U9a_',
    '',
    'Permanent',
    '',
    'Active',
    'Day',
    '9:00',
    '18:00',
    '9',
    '60',
    'Sunday',
    'No',
    '',
    '',
    'No',
    '',
    'No',
    '',
    '26',
    'No',
    'No',
    'No',
    '',
    '',
    '15',
    '30',
    '4',
    '8',
    '2',
    '',
    '12',
    '12',
    '12',
    '0',
    'No',
    '30',
    '',
    '',
    '',
    '',
    '',
    '',
    '',
    '',
    '',
    '',
    '',
    '',
    '',
    '',
    '',
    '',
    '',
    '',
    '',
    '',
    '',
    '',
    '',
    '',
    '',
    '',
    '',
    '2026-07-28T05:44:53.659Z'
  ],
  [
    '1CO1Nt',
    'Babudhan Paswan',
    '9241548041',
    '$2b$10$zm1eeUc5PtDUkYFufYazj.Dscmkk5USs0yrstbjsAk3n2SerVIFRi',
    'RM',
    '2025-12-22T04:22:46.773Z',
    '',
    '',
    '',
    '',
    '',
    '',
    '',
    '',
    '',
    '',
    '',
    '9:00',
    '19:00',
    '9',
    '60'
  ],
  [
    'Y3U9a_',
    'Bhakti Ram',
    '9725698230',
    '$2b$10$70Ki/KZT2hTypZznPAt4OeDHIxSu/qHVsieoxzgdZJxXdleLu5Z3C',
    'MDO',
    '2025-12-22T04:25:01.669Z',
    '',
    '',
    '',
    '',
    '',
    '',
    '',
    '',
    '',
    '',
    '',
    '9:00',
    '19:00',
    '9',
    '60'
  ],
  [
    'bhavik',
    'Bhavik Tailor',
    '9909551210',
    '$2b$10$flWIe7sO67dztPiSF1muR.GLvOaJO8ksaBM.LgUOms9bXjeSDadPC',
    'Accounts',
    '2025-12-22T04:26:46.474Z',
    '',
    '',
    '',
    '',
    '',
    '',
    '',
    '',
    '',
    '',
    '',
    '9:00',
    '19:00',
    '9',
    '60'
  ],
  [
    'binit',
    'Binit Maurya',
    '9911174926',
    '$2b$10$h3cj38.OYuSRsfsoaL1Cqe6EVEba6i4Sl8M903vp2eCRL6lrv36/i',
    'boiler',
    '2026-01-20T12:49:42.883Z',
    '',
    '',
    '',
    '',
    '',
    '',
    '',
    '',
    '',
    '',
    '',
    '9:00',
    '19:00',
    '9',
    '60'
  ],
  [
    'binita',
    'Binita Chauhan',
    '9316026122',
    '$2b$10$hMQwWEDmpyGYmHSRvDUaR.az4rDFoOgIrINf8VPN8Qdx9wy5E6Al2',
    'CRM',
    '2025-12-22T04:27:57.761Z',
    '',
    '',
    '',
    '',
    '',
    '',
    '',
    '',
    '',
    '',
    '',
    '9:30',
    '18:30',
    '8',
    '60'
  ],
  [
    'bobby',
    'Bobby Deval',
    '6353942601',
    '$2b$10$ByrOsAx/eMf0yG7zj0Oi9OCe3/usc1uEmpsTBd8h0GFKuxnzyFcC.',
    'Dispatch',
    '2025-12-22T04:31:03.466Z',
    '',
    '',
    '',
    '',
    '',
    '',
    '',
    '',
    '',
    '',
    '',
    '8:00',
    '20:00',
    '12',
    '60'
  ],
  [
    'chandani',
    'Chandani Rai',
    '9327436834',
    '$2b$10$MhL2Bm9f0wLd8JXm6zUUNOpbfGTivJ0m4OI676lLk5u5e1UWNPH8K',
    'SC',
    '2025-12-22T04:32:43.466Z',
    '',
    '',
    '',
    '',
    '',
    '',
    '',
    '',
    '',
    '',
    '',
    '9:30',
    '18:30',
    '8',
    '60'
  ],
  [
    'chintan',
    'Chintan Patel',
    '9638445090',
    '$2b$10$MXMXhXqTevRgLoiHJb7ueevb4J6ygsSIYhQFbvYgB6zdCUOmgAoy6',
    'Accounts',
    '2025-12-22T04:34:13.961Z',
    '',
    '',
    '',
    '',
    '',
    '',
    '',
    '',
    '',
    '',
    '',
    '9:00',
    '19:00',
    '9',
    '60'
  ],
  [
    'zKeT0-',
    'Chirag Unagar',
    '7572896435',
    '$2b$10$x5l5jOQ.hj13IELaMRIAKOluGqG0jYXRxOBcSJEenq61a3rcDHy7W',
    'Accounts',
    '2025-12-22T04:35:42.065Z',
    '',
    '',
    '',
    '',
    '',
    'Chirag Unagar',
    '',
    '',
    '',
    '',
    '',
    '9:00',
    '19:00',
    '9',
    '60'
  ],
  [
    'deepak',
    'Deepak Singh',
    '8084337326',
    '$2b$10$lCvM/.2eiNbNZRtPofX87.SBoXR3pdRcj4aEMJWmcrnSA80sX/jES',
    'RM',
    '2025-12-22T04:39:20.571Z',
    '',
    '',
    '',
    '',
    '',
    '',
    '',
    '',
    '',
    '',
    '',
    '9:00',
    '19:00',
    '9',
    '60'
  ],
  [
    'devyani',
    'Devyani Bhatt',
    '9687303092',
    '$2b$10$RqWq68jYVAQwLB2cdizmlO38ojbAGi9kT7V2Voft.cJ6JcWyOOdY2',
    'PC',
    '2025-12-19T04:41:50.341Z',
    '',
    '',
    '',
    '',
    '',
    '',
    '',
    '',
    '',
    '',
    '',
    '9:30',
    '18:30',
    '8',
    '60'
  ],
  [
    'govind',
    'Govind Vora',
    '7055375805',
    '$2b$10$TNbJzlZmhw1gkkDKVkhwR.YfEULh1J95wmRRiLRSGZeuKY7JD0wj2',
    'MIS',
    '2026-01-02T13:32:40.063Z',
    'Eminent Paper Industries llp',
    '08/07/1996',
    '02/09/2023',
    '',
    'MIS',
    'Govind Vora',
    '',
    '',
    '',
    '',
    '',
    '9:00',
    '19:00',
    '9',
    '60'
  ],
  [
    'hemant',
    'Hemant Tiwari',
    '9428292784',
    '$2b$10$PrmuGJxLQGDmpXn7QIUiTeyUA4IjROkY5HmHRgWsAAgeWOlxU0tOW',
    'Dispatch',
    '2025-12-22T04:41:04.670Z',
    '',
    '',
    '',
    '',
    '',
    '',
    '',
    '',
    '',
    '',
    '',
    '8:00',
    '20:00',
    '12',
    '60'
  ],
  [
    'sUA1C5',
    'Hiren Vekariya',
    '9601353472',
    '$2b$10$eHfXS2tge/nzLdjVE9lMd.zhOSyjK.Y.pyFGLAqvvAPR9MMYSREna',
    'Dispatch',
    '2025-12-22T04:42:54.174Z',
    '',
    '',
    '',
    '',
    '',
    '',
    '',
    '',
    '',
    '',
    '',
    '8:00',
    '20:00',
    '12',
    '60'
  ],
  [
    'V3oqaL',
    'Hitesh Rajput',
    '9662007369',
    '$2b$10$8t57M5UcjpQASJuqnWS5COnTDR1i0ndBAU/CgTzp0wzpdBwd5rlm2',
    'Accounts',
    '2025-12-22T04:44:39.277Z',
    '',
    '',
    '',
    '',
    '',
    '',
    '',
    '',
    '',
    '',
    '',
    '9:00',
    '19:00',
    '9',
    '60',
    '',
    '',
    '',
    '',
    '',
    '',
    '',
    '',
    '',
    '',
    '',
    '',
    '',
    '6'
  ],
  [
    'jayesh',
    'Jayesh Nagar',
    '9924990735',
    '$2b$10$hOEoO8jC/buSwutF39xbiO5hMAXrd5e3WebMqee8yI76H65AmNqey',
    'Maintenance ',
    '2025-12-22T04:51:28.861Z',
    '',
    '',
    '',
    '',
    '',
    '',
    '',
    '',
    '',
    '',
    '',
    '9:00',
    '19:00',
    '9',
    '60'
  ],
  [
    'kamini',
    'Kamini Patil',
    '9574841981',
    '$2b$10$hQEujWG2HGw8yUw4UWYuAOmbeAGiuXRBdynA4TLHO0gBlZTnVh.ni',
    'SALES MDO',
    '2026-08-10T09:14:14.277Z',
    '',
    '',
    '',
    '',
    '',
    '',
    'Female',
    'Permanent',
    '',
    'Active',
    'Day',
    '9:00',
    '18:00',
    '9',
    '60',
    'Sunday',
    'No',
    '',
    '',
    'No',
    '',
    'No',
    '',
    '26',
    'No',
    'No',
    'No',
    '',
    '',
    '15',
    '30',
    '4',
    '8',
    '2',
    '',
    '12',
    '12',
    '12',
    '0',
    'No',
    '30',
    '',
    '',
    '',
    '',
    '',
    '',
    '',
    '',
    '',
    '',
    '',
    '',
    '',
    '',
    '',
    '',
    '',
    '',
    '',
    '',
    '',
    '',
    '',
    '',
    '',
    '',
    '',
    '2026-08-10T09:14:14.277Z'
  ],
  [
    'khushi',
    'Khushi Gosai',
    '7859878612',
    '$2b$10$cyJKdeDBR/oN28PjrBHb7OXmf3sao/hAoT94d3WpxvUod6BTAEUZO',
    'Recruitment',
    '2026-01-29T10:24:02.918Z',
    '',
    '',
    '',
    '',
    '',
    '',
    '',
    '',
    '',
    '',
    '',
    '9:30',
    '18:30',
    '9',
    '60'
  ],
  [
    'kiran',
    'Kiran Kumar (Store)',
    '8052241041',
    '$2b$10$7YHF7XCqHse8v0UMV9IR3usXn75hoCsQwOTb70J33ArNvoVpURqZm',
    'Maintenance',
    '2026-04-28T05:25:55.029Z',
    '',
    '',
    '',
    '',
    '',
    '',
    '',
    '',
    '',
    '',
    '',
    '9:00',
    '19:00',
    '9',
    '60'
  ],
  [
    'kunal',
    'Kunal Chauhan',
    '9913388868',
    '$2b$10$lg3A9nBAPs4DXZUrlHsIb.Kcrcwtmxj21wmr0Nge3uFYTPuXTD9fq',
    'Utility',
    '2026-07-06T08:58:02.054Z',
    '',
    '',
    '',
    '',
    '',
    '',
    'Male',
    'Permanent',
    '',
    'Active',
    'Day',
    '9:00',
    '18:00',
    '9',
    '60',
    'Sunday',
    'No',
    '',
    '',
    'No',
    '',
    'No',
    '',
    '26',
    'No',
    'No',
    'No',
    '',
    '',
    '15',
    '30',
    '4',
    '8',
    '2',
    '',
    '12',
    '12',
    '12',
    '0',
    'No',
    '30',
    '',
    '',
    '',
    '',
    '',
    '',
    '',
    '',
    '',
    '',
    '',
    '',
    '',
    '',
    '',
    '',
    '',
    '',
    '',
    '',
    '',
    '',
    '',
    '',
    '',
    '',
    '',
    '2026-07-06T08:58:02.055Z'
  ],
  [
    'kundan',
    'Kundan Thakur',
    '7491005250',
    '$2b$10$s21VWKT4yp0SMaKYFbbc0u0P9ySKW0LOSFQmfdWGnpAbsTWvhFr5.',
    'Maintenance',
    '2025-12-22T11:20:40.937Z',
    '',
    '',
    '',
    '',
    '',
    '',
    '',
    '',
    '',
    '',
    '',
    '9:00',
    '19:00',
    '9',
    '60'
  ],
  [
    'maitri',
    'Maitri Patel',
    '9327422120',
    '$2b$10$sUjR9Pr7D40M26VDnn7pe.p15TUcydpS.IZcoawbWOheG/M3TvPzy',
    'HR',
    '2025-12-22T11:23:15.455Z',
    '',
    '',
    '',
    '',
    '',
    '',
    '',
    '',
    '',
    '',
    '',
    '9:30',
    '18:30',
    '8',
    '60'
  ],
  [
    'sami323',
    'Mohammad Sami ',
    '7372890117',
    '$2b$10$LztTh/86KzutI4BKBXjMheqTRCI4TzCPieq1cPAeLWp6Dai4AZnaa',
    'MIS',
    '2025-12-19T04:36:54.041Z',
    'Eminent Paper Industry',
    '12/12/2000',
    '08/01/2025',
    'https://res.cloudinary.com/dbchjxw68/image/upload/v1780239978/help_tickets/epqmc2v7pkr9frwa6buc.jpg',
    'Content Creator .',
    'Mohammad Sami ',
    '',
    '',
    '',
    '',
    '',
    '9:00',
    '19:00',
    '9',
    '60'
  ],
  [
    'zNkNDC',
    'Mohit Kumar',
    '9548708847',
    '$2b$10$D0WH3OMp5XRRJ9GD4wJEbuw0rnC8mT7tVK5dVrOFttsA5XLGT6PHC',
    'Electrical',
    '2025-12-22T04:57:04.864Z',
    '',
    '',
    '',
    '',
    '',
    '',
    '',
    '',
    '',
    '',
    '',
    '9:00',
    '19:00',
    '9',
    '60'
  ],
  [
    'muskan',
    'Muskan Khan',
    '9973920282',
    '$2b$10$U0qg.9ljUruyPZPcBhIAn.Flw72ZEJynpl9ITRoSC75p57GyCz0by',
    'SALES MDO',
    '2026-08-17T11:38:42.032Z',
    '',
    '',
    '',
    '',
    '',
    '',
    'Female',
    'Permanent',
    '',
    'Active',
    'Day',
    '9:00',
    '18:00',
    '9',
    '60',
    'Sunday',
    'No',
    '',
    '',
    'No',
    '',
    'No',
    '',
    '26',
    'No',
    'No',
    'No',
    '',
    '',
    '15',
    '30',
    '4',
    '8',
    '2',
    '',
    '12',
    '12',
    '12',
    '0',
    'No',
    '30',
    '',
    '',
    '',
    '',
    '',
    '',
    '',
    '',
    '',
    '',
    '',
    '',
    '',
    '',
    '',
    '',
    '',
    '',
    '',
    '',
    '',
    '',
    '',
    '',
    '',
    '',
    '',
    '2026-08-17T11:38:42.033Z'
  ],
  [
    'omprakash',
    'Omprakash',
    '8081054181',
    '$2b$10$fdUrMrrkFxERSDxBYfLfTOeuKziujX9VPkAV85KnN0IYMBwTawBHy',
    'Dispatch',
    '2025-12-22T05:03:07.569Z',
    '',
    '',
    '',
    '',
    '',
    '',
    '',
    '',
    '',
    '',
    '',
    '8:00',
    '20:00',
    '12',
    '60'
  ],
  [
    'paint',
    'Paint - Work',
    '9241548041',
    '$2b$10$Q8a9DVFJTY5npPyAEYRI8O2zbOo8PZiZAXPNaHg/0PiQWudZuzTEm',
    'Paint - Work',
    '2026-07-28T05:47:03.070Z',
    '',
    '',
    '',
    '',
    '',
    'Y3U9a_',
    '',
    'Permanent',
    '',
    'Active',
    'Day',
    '9:00',
    '18:00',
    '9',
    '60',
    'Sunday',
    'No',
    '',
    '',
    'No',
    '',
    'No',
    '',
    '26',
    'No',
    'No',
    'No',
    '',
    '',
    '15',
    '30',
    '4',
    '8',
    '2',
    '',
    '12',
    '12',
    '12',
    '0',
    'No',
    '30',
    '',
    '',
    '',
    '',
    '',
    '',
    '',
    '',
    '',
    '',
    '',
    '',
    '',
    '',
    '',
    '',
    '',
    '',
    '',
    '',
    '',
    '',
    '',
    '',
    '',
    '',
    '',
    '2026-07-28T05:47:03.070Z'
  ],
  [
    'um8mkb',
    'Pankaj (RO1)',
    '9140445217',
    '$2b$10$.JyEx.5UiWa7f2KCQNUe5O2KVl2D/4DLLqF0a3KcdH7gVQxjvr3w2',
    'ro',
    '2025-12-22T11:29:18.021Z',
    '',
    '',
    '',
    '',
    '',
    '',
    '',
    '',
    '',
    '',
    '',
    '9:00',
    '19:00',
    '9',
    '60'
  ],
  [
    'patra',
    'Patra - Work',
    '9241548041',
    '$2b$10$F0qvlQueEVXqwWg4ShM97ezYIOO67ruH3pJwhDwduU0hXDrbiM8Rq',
    'Patra',
    '2026-07-31T11:22:27.659Z',
    '',
    '',
    '',
    '',
    '',
    'patra',
    '',
    'Permanent',
    '',
    'Active',
    'Day',
    '9:00',
    '18:00',
    '9',
    '60',
    'Sunday',
    'No',
    '',
    '',
    'No',
    '',
    'No',
    '',
    '26',
    'No',
    'No',
    'No',
    '',
    '',
    '15',
    '30',
    '4',
    '8',
    '2',
    '',
    '12',
    '12',
    '12',
    '0',
    'No',
    '30',
    '',
    '',
    '',
    '',
    '',
    '',
    '',
    '',
    '',
    '',
    '',
    '',
    '',
    '',
    '',
    '',
    '',
    '',
    '',
    '',
    '',
    '',
    '',
    '',
    '',
    '',
    '',
    '2026-07-31T11:22:27.659Z'
  ],
  [
    'pawan',
    'Pawan Pandey (Ro2)',
    '9793295713',
    '$2b$10$J7GbHDfz05pDDn.WYlvANuDcDXhu0Ec.VDkeA2hTUGQkJJRZ3Qz2G',
    'RO',
    '2026-08-22T06:12:41.226Z',
    '',
    '',
    '',
    '',
    '',
    'pawan',
    'Male',
    'Permanent',
    '',
    'Active',
    'Day',
    '9:00',
    '18:00',
    '9',
    '60',
    'Sunday',
    'No',
    '',
    '',
    'No',
    '',
    'No',
    '',
    '26',
    'No',
    'No',
    'No',
    '',
    '',
    '15',
    '30',
    '4',
    '8',
    '2',
    '',
    '12',
    '12',
    '12',
    '0',
    'No',
    '30',
    '',
    '',
    '',
    '',
    '',
    '',
    '',
    '',
    '',
    '',
    '',
    '',
    '',
    '',
    '',
    '',
    '',
    '',
    '',
    '',
    '',
    '',
    '',
    '',
    '',
    '',
    '',
    '2026-08-22T06:12:41.226Z'
  ],
  [
    '3ylRZ5',
    'Pratik Zalavadiya',
    '9638471480',
    '$2b$10$pJjvjBJ1tDA8m32juKwrcefGEk3UgL.wqOYFk1CBz11.AhV2RCNgW',
    'Purchase',
    '2025-12-22T05:16:54.071Z',
    '',
    '',
    '',
    '',
    '',
    '',
    '',
    '',
    '',
    '',
    '',
    '9:00',
    '19:00',
    '9',
    '60'
  ],
  [
    'reddy',
    'Project',
    '7990820778',
    '$2b$10$8utTN4ovfzrGWcAQ6BrJQ.jRhG2mW1ySBklvkLeijpYNTxJZWodtO',
    'Maintenance',
    '2026-03-07T08:29:32.064Z',
    '',
    '',
    '',
    '',
    '',
    '',
    '',
    '',
    '',
    '',
    '',
    '9:00',
    '19:00',
    '9',
    '60'
  ],
  [
    'projectpdf',
    'PROJECT -PDF',
    '9586883694',
    '$2b$10$a2zmSse8D1QLBCVK9b.0oOqnzcE27xffo.xRWePULjRr/4DQvfd3G',
    'PROJECT',
    '2026-05-12T04:10:02.800Z',
    '',
    '',
    '',
    '',
    '',
    '',
    '',
    '',
    '',
    '',
    '',
    '9:00',
    '19:00',
    '9',
    '60'
  ],
  [
    'pulpmill',
    'PROJECT- PULP MILL',
    '9586883694',
    '$2b$10$l6IAWT2mjV66k9YanIQjhuTSligu2nIrQ7KdBuEo9nU9iPfZGijlm',
    'PROJECT',
    '2026-05-12T04:43:58.892Z',
    '',
    '',
    '',
    '',
    '',
    '',
    '',
    '',
    '',
    '',
    '',
    '9:00',
    '19:00',
    '9',
    '60'
  ],
  [
    'acce',
    'PROJECT-ACCESSORIES',
    '9586883694',
    '$2b$10$zbkpenepGTHHwK94P/ZEKOQuiuAM2Tpisf82EU/OeyeIGzLSmhGli',
    'PROJECT',
    '2026-05-12T09:17:21.392Z',
    '',
    '',
    '',
    '',
    '',
    '',
    '',
    '',
    '',
    '',
    '',
    '9:00',
    '19:00',
    '9',
    '60'
  ],
  [
    'boiler',
    'PROJECT-BOILER',
    '9586883694',
    '$2b$10$krBzTTO54rp4th2Hmzy3cOE0d27ZC4iTXKFceju9MiYA/QOaTKXSS',
    'PROJECT',
    '2026-05-12T09:12:54.193Z',
    '',
    '',
    '',
    '',
    '',
    '',
    '',
    '',
    '',
    '',
    '',
    '9:00',
    '19:00',
    '9',
    '60'
  ],
  [
    'civil',
    'PROJECT-CIVIL',
    '9586883694',
    '$2b$10$n7IzZ8iPjtjK/ZTUuBpkuu/r3Q7rIfbqaBhsCxUsZS89mGmjcZDVC',
    'PROJECT',
    '2026-05-12T09:09:18.793Z',
    '',
    '',
    '',
    '',
    '',
    '',
    '',
    '',
    '',
    '',
    '',
    '9:00',
    '19:00',
    '9',
    '60'
  ],
  [
    'etp',
    'PROJECT-ETP',
    '9586883694',
    '$2b$10$A0kHW3TI5ZsLOEjQcCozP.Z7MxoBvMFtDxdd62.MP1n1yaI8xnpKi',
    'PROJECT',
    '2026-05-12T09:15:18.486Z',
    '',
    '',
    '',
    '',
    '',
    '',
    '',
    '',
    '',
    '',
    '',
    '9:00',
    '19:00',
    '9',
    '60'
  ],
  [
    'machine',
    'PROJECT-MACHINE ',
    '9586883694',
    '$2b$10$U19H6mRCfRg3WlP33uWBEOX1khFMZ3HpqLPW8HpHTDqfKXq4cJqEi',
    'PROJECT',
    '2026-05-12T09:04:42.691Z',
    '',
    '',
    '',
    '',
    '',
    '',
    '',
    '',
    '',
    '',
    '',
    '9:00',
    '19:00',
    '9',
    '60'
  ],
  [
    'GW67ih',
    'Rajdeep Rana',
    '7069338663',
    '$2b$10$KGbdLkZeYMEt9eUUkYWRcOe8iKiVqV67Chr2uJMg38G4GYq6NqPai',
    'Accounts',
    '2025-12-22T05:20:48.064Z',
    '',
    '',
    '',
    '',
    '',
    '',
    '',
    '',
    '',
    '',
    '',
    '9:00',
    '19:00',
    '9',
    '60'
  ],
  [
    'rakhi',
    'Rakhi Dohare',
    '9978710262',
    '$2b$10$yVLitNDxCk/QzvbHa1jTxuA16TaMPKaFCM7TU1AEsuAB8785CfcSi',
    'CRM',
    '2026-03-17T08:00:58.133Z',
    '',
    '',
    '',
    '',
    '',
    '',
    '',
    '',
    '',
    '',
    '',
    '9:30',
    '18:30',
    '9',
    '60'
  ],
  [
    'ravikant',
    'Ravikant Rajput',
    '9005739259',
    '$2b$10$8tmpWhNbCen0Eji3ffbNdevoyCFZBKifGV6Y2oEKI/XO41XE10/uy',
    'Instrument',
    '2025-12-22T05:23:21.464Z',
    '',
    '',
    '',
    '',
    '',
    '',
    '',
    '',
    '',
    '',
    '',
    '9:00',
    '19:00',
    '9',
    '60'
  ],
  [
    'lA1Xyq',
    'Ritesh Agarwal',
    '9825120883',
    '$2b$10$k2GuIDMT7rnyp2veVThXXuJiA6euUNgRHWt/rt25NxEo3RrqSfYR6',
    'MD',
    '2025-12-22T05:24:49.166Z',
    '',
    '',
    '',
    '',
    '',
    '',
    '',
    '',
    '',
    '',
    '',
    '9:00',
    '19:00',
    '9',
    '60'
  ],
  [
    'ritesh',
    'Ritesh Chauhan',
    '9714888290',
    '$2b$10$esIY.f0k2J7ga/XxRbXG0O7Jf23E/sjQ.IkMyP//qp9LEhgFCIA.q',
    'Utility eng',
    '2026-04-06T07:50:12.312Z',
    '',
    '',
    '',
    '',
    '',
    '',
    '',
    '',
    '',
    '',
    '',
    '9:00',
    '19:00',
    '9',
    '60'
  ],
  [
    'rupesh',
    'Rupesh Tiwari',
    '7859861526',
    '$2b$10$zx0akoILqbsJLQC2Z75f/ezJ8xF04eVr4GzPYIupJ7Ai/Dx82wYey',
    'MDO',
    '2026-02-20T05:03:52.202Z',
    '',
    '',
    '',
    '',
    '',
    '',
    '',
    '',
    '',
    '',
    '',
    '9:00',
    '19:00',
    '9',
    '60'
  ],
  [
    'sagarkamal',
    'Sagar Kamal',
    '8932040029',
    '$2b$10$Ma.SKbxfpZmw/Of4gyQ7l.J.TC9XXi9pWJcouhqG9rT4aj11TTz86',
    'store',
    '2026-05-05T05:48:33.430Z',
    'EMINENT PAPER INDUSTRIES LLP',
    '12/04/2002',
    '01/05/2026',
    '',
    'STORE KEEPER ',
    'Sagar Kamal',
    '',
    '',
    '',
    '',
    '',
    '9:00',
    '19:00',
    '9',
    '60'
  ],
  [
    'sagar',
    'Sagar Kumar',
    '7984122746',
    '$2b$10$U7wRXKHSRzemHqplACMKj.GzA0lvjSWdV1sPGatuomcnqx6UugkbO',
    'RM',
    '2025-12-22T05:27:38.864Z',
    '',
    '',
    '',
    '',
    '',
    '',
    '',
    '',
    '',
    '',
    '',
    '8:00',
    '20:00',
    '12',
    '60'
  ],
  [
    'hrQOjO',
    'Sandeep Chaudhary',
    '7359506916',
    '$2b$10$/8j7mo27eRv1hQYXQoCT5.913nQjJvFe6w0VHAF.zu9Q6wzZ8QH5W',
    'Import-Export',
    '2025-12-22T05:36:35.765Z',
    '',
    '',
    '',
    '',
    '',
    '',
    '',
    '',
    '',
    '',
    '',
    '9:00',
    '19:00',
    '9',
    '60'
  ],
  [
    'sanjay s',
    'Sanjay  Sahani',
    '7755034534',
    '$2b$10$J64OS.XFTidW9OliW91I3ehqmN03SQCX5AtP9TxheRmC.aNYlQZDW',
    'Project implementer',
    '2026-06-15T09:10:29.010Z',
    '',
    '',
    '',
    '',
    '',
    '',
    'Male',
    'Permanent',
    '',
    'Active',
    'Day',
    '9:00',
    '18:00',
    '9',
    '60',
    'Sunday',
    'No',
    '',
    '',
    'No',
    '',
    'No',
    '',
    '26',
    'No',
    'No',
    'No',
    '',
    '',
    '15',
    '30',
    '4',
    '8',
    '2',
    '',
    '12',
    '12',
    '12',
    '0',
    'No',
    '30',
    '',
    '',
    '',
    '',
    '',
    '',
    '',
    '',
    '',
    '',
    '',
    '',
    '',
    '',
    '',
    '',
    '',
    '',
    '',
    '',
    '',
    '',
    '',
    '',
    '',
    '',
    '',
    '2026-06-15T09:10:29.011Z'
  ],
  [
    'sanjay',
    'Sanjay Bhargav',
    '8306729316',
    '$2b$10$joTon8iJ.CZNbLLaoUlqZeP.3AVM1dVF88YU/iQlVwyz4w1w42moi',
    'Account',
    '2026-03-18T09:31:43.327Z',
    '',
    '',
    '',
    '',
    '',
    '',
    '',
    '',
    '',
    '',
    '',
    '9:00',
    '19:00',
    '9',
    '60'
  ],
  [
    'sanjeet',
    'Sanjeet Kumar',
    '7061302892',
    '$2b$10$rEJmlwAt0jYoaT8NmhjJUe36eihurX2YrWUVrSBMv8CihF17TmzT.',
    'Dispatch',
    '2026-06-01T12:45:17.513Z',
    '',
    '',
    '',
    '',
    '',
    'Y3U9a_',
    'Male',
    'Permanent',
    '',
    'Active',
    'Day',
    '8:00',
    '20:00',
    '12',
    '60',
    'Sunday',
    'No',
    '',
    '',
    'No',
    '',
    'No',
    '',
    '26',
    'No',
    'No',
    'No',
    '',
    '',
    '15',
    '30',
    '4',
    '8',
    '2',
    '',
    '12',
    '12',
    '12',
    '0',
    'No',
    '30',
    '',
    '',
    '',
    '',
    '',
    '',
    '',
    '',
    '',
    '',
    '',
    '',
    '',
    '',
    '',
    '',
    '',
    '',
    '',
    '',
    '',
    '',
    '',
    '',
    '',
    '',
    '',
    '2026-06-01T12:45:17.520Z'
  ],
  [
    '0AhADn',
    'Sannu Prasad',
    '8354055234',
    '$2b$10$ODeqkBhqhi.WgDLNvhXMT.gYfds6NGDjPTlols8oIe23RqMesvY72',
    'Dispatch',
    '2025-12-22T05:57:31.270Z',
    '',
    '',
    '',
    '',
    '',
    '',
    '',
    '',
    '',
    '',
    '',
    '8:00',
    '20:00',
    '12',
    '60'
  ],
  [
    'aZfqqV',
    'Santosh Yadav',
    '7985418042',
    '$2b$10$/nM0P1efVv64f3.RCGKN4u8o.g7yTSqoWmiokR9v9LjP3OmvqfAY6',
    'Dispatch',
    '2025-12-22T05:58:45.674Z',
    '',
    '',
    '',
    '',
    '',
    '',
    '',
    '',
    '',
    '',
    '',
    '8:00',
    '20:00',
    '12',
    '60'
  ],
  [
    'sapna',
    'Sapna Raval',
    '9327151267',
    '$2b$10$NrX2lEXgz12fKndiB6JRoeMfYbiTg6.EZCwd4.p0z4Pf4BxKquwPK',
    'MDO',
    '2025-12-22T09:51:27.281Z',
    '',
    '',
    '',
    '',
    '',
    '',
    '',
    '',
    '',
    '',
    '',
    '9:30',
    '18:30',
    '9',
    '60'
  ],
  [
    'pandey',
    'Satish Pandey',
    '8511268900',
    '$2b$10$rXoeRg4UVBauUU7y6iiA2O0uEG2OTg8mlSzCUPFraeICZkSitVtaO',
    'Accounts',
    '2025-12-22T10:09:26.081Z',
    '',
    '',
    '',
    '',
    '',
    '',
    '',
    '',
    '',
    '',
    '',
    '9:00',
    '19:00',
    '9',
    '60',
    '',
    '',
    '',
    '',
    '',
    '',
    '',
    '',
    '',
    '',
    '',
    '',
    '',
    '8'
  ],
  [
    'saurabh',
    'Saurabh Parauha',
    '7691958455',
    '$2b$10$emhtjENJyE2ITYNyXAG5o.uE72gKDIHQnZfFaGJ07wCv6B1ugsPyu',
    'UTILITY',
    '2026-07-08T05:08:01.391Z',
    '',
    '',
    '',
    '',
    '',
    '',
    'Male',
    'Permanent',
    '',
    'Active',
    'Day',
    '9:00',
    '18:00',
    '9',
    '60',
    'Sunday',
    'No',
    '',
    '',
    'No',
    '',
    'No',
    '',
    '26',
    'No',
    'No',
    'No',
    '',
    '',
    '15',
    '30',
    '4',
    '8',
    '2',
    '',
    '12',
    '12',
    '12',
    '0',
    'No',
    '30',
    '',
    '',
    '',
    '',
    '',
    '',
    '',
    '',
    '',
    '',
    '',
    '',
    '',
    '',
    '',
    '',
    '',
    '',
    '',
    '',
    '',
    '',
    '',
    '',
    '',
    '',
    '',
    '2026-07-08T05:08:01.391Z'
  ],
  [
    'L5Wg88',
    'Shivam Tiwari',
    '8630207229',
    '$2b$10$XTCCSVyT1wpbN2yfeMVmA.cK0/2gNXU8cjMBNkSRc4WacxehGNYUW',
    'Dispatch',
    '2025-12-22T10:11:18.756Z',
    '',
    '',
    '',
    '',
    '',
    '',
    '',
    '',
    '',
    '',
    '',
    '8:00',
    '20:00',
    '12',
    '60'
  ],
  [
    'shivang',
    'Shivang Patel',
    '9106710143',
    '$2b$10$pJc79xTGi.4UHM63XcPhdOA9CmgJ/1vZPfb3apvW92Q1CwJBJKiDe',
    'CIVIL',
    '2026-08-15T08:48:41.515Z',
    '',
    '',
    '',
    '',
    '',
    '',
    'Male',
    'Permanent',
    '',
    'Active',
    'Day',
    '9:00',
    '18:00',
    '9',
    '60',
    'Sunday',
    'No',
    '',
    '',
    'No',
    '',
    'No',
    '',
    '26',
    'No',
    'No',
    'No',
    '',
    '',
    '15',
    '30',
    '4',
    '8',
    '2',
    '',
    '12',
    '12',
    '12',
    '0',
    'No',
    '30',
    '',
    '',
    '',
    '',
    '',
    '',
    '',
    '',
    '',
    '',
    '',
    '',
    '',
    '',
    '',
    '',
    '',
    '',
    '',
    '',
    '',
    '',
    '',
    '',
    '',
    '',
    '',
    '2026-08-15T08:48:41.515Z'
  ],
  [
    'simnan',
    'Simnan Ansari',
    '9427844993',
    '$2b$10$YLpuVu/LyPtK8sANYeSDjeColfBTd5ICdrIONPKJr4qghU8Xm15/K',
    'Import-Export',
    '2025-12-22T10:13:47.729Z',
    '',
    '',
    '',
    '',
    '',
    '',
    '',
    '',
    '',
    '',
    '',
    '9:00',
    '19:00',
    '9',
    '60'
  ],
  [
    'sintu',
    'Sintu',
    '8789071633',
    '$2b$10$KFUfThwGoWlJK0m8NCd4euKanCZxzW7r11cVrHWnZ3oVtdtpMnNJ2',
    'RM',
    '2025-12-22T10:17:37.998Z',
    '',
    '',
    '',
    '',
    '',
    '',
    '',
    '',
    '',
    '',
    '',
    '8:00',
    '20:00',
    '12',
    '60'
  ],
  [
    'HSECp6',
    'Sonu Gujjar',
    '8827680284',
    '$2b$10$yRprwpe4xC93rcHZdnLx2Oc4p322mOhWbiWe2ljNYy5mPnrvrAkL.',
    'Electrical Head',
    '2025-12-22T10:21:08.530Z',
    '',
    '',
    '',
    '',
    '',
    '',
    '',
    '',
    '',
    '',
    '',
    '9:00',
    '19:00',
    '9',
    '60'
  ],
  [
    'sumit',
    'Sumit Prajapati',
    '8127374506',
    '$2b$10$6tbEvhIZX04Hy6ek.Bn84uLOv0Htc2w5rreZ5VFd5us.IfQILO3ra',
    'Utility eng',
    '2025-12-22T10:23:24.671Z',
    '',
    '',
    '',
    '',
    '',
    '',
    '',
    '',
    '',
    '',
    '',
    '9:00',
    '19:00',
    '9',
    '60'
  ],
  [
    'sunil',
    'Sunil Rajput',
    '9687993396',
    '$2b$10$KFHQ.v/Sq41Drz2p8EomwO2JV4TtwlNWXiEqwR6FHPN2mGYGHZ3/a',
    'Maintenance',
    '2025-12-22T10:29:16.610Z',
    '',
    '',
    '',
    '',
    '',
    '',
    '',
    '',
    '',
    '',
    '',
    '9:00',
    '19:00',
    '9',
    '60'
  ],
  [
    'suraj',
    'Suraj Bind',
    '9535023980',
    '$2b$10$foT3CMHkT6nsyqiJObSIb./vnihwGR6YYfBwdcaUAgHGpdurRdR0u',
    'production',
    '2026-06-13T06:56:40.126Z',
    '',
    '',
    '',
    '',
    '',
    '',
    'Male',
    'Permanent',
    '',
    'Active',
    'Day',
    '9:00',
    '18:00',
    '9',
    '60',
    'Sunday',
    'No',
    '',
    '',
    'No',
    '',
    'No',
    '',
    '26',
    'No',
    'No',
    'No',
    '',
    '',
    '15',
    '30',
    '4',
    '8',
    '2',
    '',
    '12',
    '12',
    '12',
    '0',
    'No',
    '30',
    '',
    '',
    '',
    '',
    '',
    '',
    '',
    '',
    '',
    '',
    '',
    '',
    '',
    '',
    '',
    '',
    '',
    '',
    '',
    '',
    '',
    '',
    '',
    '',
    '',
    '',
    '',
    '2026-06-13T06:56:40.127Z'
  ],
  [
    'tushar',
    'Tushar Solanki',
    '7698425693',
    '$2b$10$iikK9ufipN46iNsyxCd7g.MF/Bztte0KDIKV94YyWmJqH.GZotaZ6',
    'MDO',
    '2026-02-19T10:54:06.159Z',
    '',
    '',
    '',
    '',
    '',
    '',
    '',
    '',
    '',
    '',
    '',
    '9:00',
    '19:00',
    '9',
    '60'
  ],
  [
    'umesh',
    'Umesh Patil',
    '9307040526',
    '$2b$10$QlAScKizT/G0DLGogkl1I.4IePb30VNtv5T9ql.JKAM212R4jewqa',
    'MIS',
    '2026-04-06T11:36:40.901Z',
    '',
    '',
    '',
    '',
    '',
    '',
    '',
    '',
    '',
    '',
    '',
    '9:00',
    '19:00',
    '9',
    '60'
  ],
  [
    'vaidehi',
    'Vaidehi Nakum',
    '9081331156',
    '$2b$10$u49JgqkU0mTKuIK8zkcAju6WVOggK/c4hwG/zbSvlJjoTN1Tr6dcW',
    'SALES MDO',
    '2026-08-15T07:04:57.217Z',
    '',
    '',
    '',
    '',
    '',
    '',
    'Female',
    'Permanent',
    '',
    'Active',
    'Day',
    '9:00',
    '18:00',
    '9',
    '60',
    'Sunday',
    'No',
    '',
    '',
    'No',
    '',
    'No',
    '',
    '26',
    'No',
    'No',
    'No',
    '',
    '',
    '15',
    '30',
    '4',
    '8',
    '2',
    '',
    '12',
    '12',
    '12',
    '0',
    'No',
    '30',
    '',
    '',
    '',
    '',
    '',
    '',
    '',
    '',
    '',
    '',
    '',
    '',
    '',
    '',
    '',
    '',
    '',
    '',
    '',
    '',
    '',
    '',
    '',
    '',
    '',
    '',
    '',
    '2026-08-15T07:04:57.217Z'
  ],
  [
    'vishal',
    'Vishal Surani',
    '7405579122',
    '$2b$10$sgqeoZbH58iToUS2C0d3bOuMXPFsaLIO4t5A2ALE1g/tzUrifiziu',
    'Account',
    '2026-02-11T06:43:56.715Z',
    '',
    '',
    '',
    '',
    '',
    '',
    '',
    '',
    '',
    '',
    '',
    '9:00',
    '19:00',
    '9',
    '60'
  ],
  [
    'vishwas',
    'Vishwash Gupta ',
    '8469591606',
    '$2b$10$8XbXWMAbd0JBPwjGeAUiSeEzyBkofN9pjXmsVm79mETtiPkvMrkOu',
    'pulp',
    '2026-08-04T06:43:17.460Z',
    '',
    '',
    '',
    '',
    '',
    '',
    'Male',
    'Permanent',
    '',
    'Active',
    'Day',
    '9:00',
    '18:00',
    '9',
    '60',
    'Sunday',
    'No',
    '',
    '',
    'No',
    '',
    'No',
    '',
    '26',
    'No',
    'No',
    'No',
    '',
    '',
    '15',
    '30',
    '4',
    '8',
    '2',
    '',
    '12',
    '12',
    '12',
    '0',
    'No',
    '30',
    '',
    '',
    '',
    '',
    '',
    '',
    '',
    '',
    '',
    '',
    '',
    '',
    '',
    '',
    '',
    '',
    '',
    '',
    '',
    '',
    '',
    '',
    '',
    '',
    '',
    '',
    '',
    '2026-08-04T06:43:17.461Z'
  ],
  [
    'yash',
    'Yash Prajapti',
    '9328563115',
    '$2b$10$CWa4oWU3TjMcNgLFvTa0WuIMoRr3kC9PTSrDPbVZBpQF5QcYX4vy6',
    'SALES MDO',
    '2026-06-10T10:28:25.742Z',
    '',
    '',
    '',
    '',
    '',
    '',
    'Male',
    'Permanent',
    '',
    'Active',
    'Day',
    '9:00',
    '18:00',
    '9',
    '60',
    'Sunday',
    'No',
    '',
    '',
    'No',
    '',
    'No',
    '',
    '26',
    'No',
    'No',
    'No',
    '',
    '',
    '15',
    '30',
    '4',
    '8',
    '2',
    '',
    '12',
    '12',
    '12',
    '0',
    'No',
    '30',
    '',
    '',
    '',
    '',
    '',
    '',
    '',
    '',
    '',
    '',
    '',
    '',
    '',
    '',
    '',
    '',
    '',
    '',
    '',
    '',
    '',
    '',
    '',
    '',
    '',
    '',
    '',
    '2026-06-10T10:28:25.743Z'
  ]
]
ΓÅ░ Hourly check running...
≡ƒôà ==================================
≡ƒôà Auto-generate check at: 5/9/2026, 6:00:00 pm
ΓÅ¡∩╕Å This month already generated, skipping
≡ƒôà ==================================
